"31-RC-159496","10685 Beech Avenue, Fontana, CA, ","Match","Exact","10685 BEECH AVE, FONTANA, CA, 92337","-117.47122178159,34.05944079103","144641848","L","06","071","002609","2013"
"31-RC-297139","901 Silver Spur Rd., Rolling Hills Estates, CA, 90274","Match","Exact","901 SILVER SPUR RD, ROLLING HILLS ESTATES, CA, 90274","-118.366560924253,33.770047475227","647621026","R","06","037","670417","1028"
"32-RC-109684","1601 Dixon Landing Rd., Milpitas, CA, ","Match","Exact","1601 DIXON LANDING RD, MILPITAS, CA, 95035","-121.926652413283,37.455132759758","637754729","R","06","001","441503","2044"
"31-RC-116764","21310 Norhoff Street, Chatsworth, CA, 91331","Match","Non_Exact","21310 NORDHOFF ST, CHATSWORTH, CA, 91311","-118.595497983053,34.235397848306","141532963","L","06","037","113234","1002"
"31-RC-139889","490 W. Foster Road, Santa Barbara, CA, 93110","No_Match"
"31-RC-331137","11959 Mariposa Rd., Apple Valley, CA, 92307","No_Match"
"31-RC-297138","2001 Pacific Coast Hwy., Lomita, CA, 90717","Match","Exact","2001 PACIFIC COAST HWY, LOMITA, CA, 90717","-118.314590318955,33.789573043991","655815982","R","06","037","670002","2011"
"29-RC-190281","31-00 47Th Ave., L.I.C., NY, 11101","No_Match"
"31-RC-104784","3355 E. Spring Street, Long Beach, CA, 90806","Match","Exact","3355 E SPRING ST, LONG BEACH, CA, 90806","-118.152880090427,33.810671187662","141818871","L","06","037","980018","1002"
"31-RC-159493","10685 Beech Avenue, Fontana, CA, ","Match","Exact","10685 BEECH AVE, FONTANA, CA, 92337","-117.47122178159,34.05944079103","144641848","L","06","071","002609","2013"
"31-RC-320008","1449 W. Redlands Blvd, Redlands, CA, 92373","Match","Exact","1449 W REDLANDS BLVD, REDLANDS, CA, 92373","-117.205500030872,34.062285704622","144663322","R","06","071","007800","3002"
"32-RC-319934","70 Hegenberger Road, Oakland, CA, 94621","Match","Exact","70 HEGENBERGER RD, OAKLAND, CA, 94621","-122.19961445033,37.730357548693","635916449","R","06","001","409000","3050"
"29-RC-122598","515 Blake Avenue, Brooklyn, NY, ","Match","Exact","515 BLAKE AVE, BROOKLYN, NY, 11207","-73.899914862212,40.667141850627","59084707","L","36","047","113400","1006"
"29-RC-138942","475 Seaview Avenue, Staten Island, NY, ","Match","Exact","475 SEAVIEW AVE, STATEN ISLAND, NY, 10305","-74.08643578576,40.583752169868","59887462","L","36","085","007002","3003"
"32-RC-249501","105 Sunshine Lane, Reno, NV, ","Match","Exact","105 SUNSHINE LN, RENO, NV, 89502","-119.788153572445,39.529259315313","107103771","R","32","031","002107","1007"
"32-RC-194714","2400 Keystone Pacific Parkway, In Patterson, CA, ","Match","Non_Exact","2400 KEYSTONE PACIFIC PKWY, PATTERSON, CA, 95363","-121.1648950195,37.4757571928","102647782","L","06","099","003300","2097"
"29-RC-157687","139 Flatbush Ave., Brooklyn, NY, ","Match","Exact","139 FLATBUSH AVE, BROOKLYN, NY, 11217","-73.977425085286,40.684128296853","59077630","L","36","047","003500","1003"
"29-RC-236135","1970 Pitkin Avenue, Brooklyn, NY, ","Match","Exact","1970 PITKIN AVE, BROOKLYN, NY, 11207","-73.899647869841,40.671275593788","59084689","R","36","047","114400","1018"
"31-RC-343592","1190 W Alameda Ave., Burbank, CA, 91506","Match","Exact","1190 W ALAMEDA AVE, BURBANK, CA, 91506","-118.314751379384,34.162632246846","241240112","L","06","037","311700","4000"
"32-RC-298922","2140 West Industrial Ave., Madera, CA, 93637","Match","Exact","2140 W INDUSTRIAL AVE, MADERA, CA, 93637","-120.086324422762,36.949896667424","636413650","R","06","039","000702","4020"
"29-RC-214327","181 3Rd Avenue, Brooklyn, NY, 11217","Match","Exact","181 3RD AVE, BROOKLYN, NY, 11217","-73.983677866999,40.680805730061","59075438","L","36","047","012700","2004"
"31-RC-289988","9857 Mason Avenue, Chatsworth, CA, 91311","Match","Exact","9857 MASON AVE, CHATSWORTH, CA, 91311","-118.579876553904,34.249271875052","141539810","L","06","037","113303","2003"
"32-RC-314255","259 Water Street, Watsonville, CA, ","No_Match"
"29-RC-332865","242 Butler Street, Brooklyn, NY, 11217","Match","Exact","242 BUTLER ST, BROOKLYN, NY, 11217","-73.985420653323,40.681477224036","59075435","R","36","047","012700","2003"
"32-RC-341408","1069 Grower Street, Salinas, CA, 93901","Match","Non_Exact","1069 GROWERS ST, SALINAS, CA, 93901","-121.631779025387,36.650505797708","196875381","L","06","053","014500","1035"
"28-RC-219119","3655 South Las Vegas Blvd., Las Vegas, NV, 89109","Match","Non_Exact","3655 LAS VEGAS BLVD S, LAS VEGAS, NV, 89109","-115.172910303745,36.111325979567","639403573","L","32","003","006700","1018"
"31-RC-313728","10250 Santa Monica Blvd., Los Angeles, CA, 90067","Match","Exact","10250 SANTA MONICA BLVD, LOS ANGELES, CA, 90067","-118.419837123475,34.060015485275","642861987","L","06","037","267901","1005"
"32-RC-290175","101 Pittsburg Ave., Richmond, CA, ","No_Match"
"31-RC-217480","9500 Stockdale Highway, Bakersfield, CA, ","Match","Exact","9500 STOCKDALE HWY, BAKERSFIELD, CA, 93311","-119.106797596593,35.354490417593","657802314","L","06","029","002806","2001"
"29-RC-155491","1250 Ocean Ave, Brooklyn, NY, ","Match","Exact","1250 OCEAN AVE, BROOKLYN, NY, 11230","-73.957598130831,40.631675316013","59081637","R","36","047","076400","2000"
"31-RC-164868","3001 South Flower Street, Los Angeles, CA, 90007","Match","Exact","3001 S FLOWER ST, LOS ANGELES, CA, 90007","-118.276843370242,34.024470314276","141607555","R","06","037","224702","1014"
"32-RC-201548","200 7Th Ave., Santa Cruz, CA, 95062","Match","Exact","200 7TH AVE, SANTA CRUZ, CA, 95062","-121.998417848748,36.964134810228","125519728","R","06","087","121501","3023"
"32-RC-250991","718 Bartlett Avenue, Hayward, CA, ","Match","Exact","718 BARTLETT AVE, HAYWARD, CA, 94541","-122.118218254542,37.669358046201","606312792","L","06","001","436200","2003"
"29-RC-179026","1701 Sunrise Highway, Westbury, NY, 11590","No_Match"
"31-RC-150220","12555 Central Ave., Chino, CA, ","Match","Exact","12555 CENTRAL AVE, CHINO, CA, 91710","-117.689329127996,34.025442519802","144673007","L","06","071","000604","2002"
"32-RC-283407","2041 Factory Street, Richmond, CA, ","Match","Exact","2041 FACTORY ST, RICHMOND, CA, 94801","-122.367376045879,37.946792424115","654363173","R","06","013","378000","1042"
"32-RC-246490","345 N. Virginia St., Reno, NV, ","Match","Exact","345 NORTH VIRGINIA ST, RENO, NV, 89501","-119.814072986058,39.529184392236","657704206","L","32","031","000104","2000"
"29-RC-355955","46-09 Queens Boulevard, Sunnyside, NY, ","Match","Exact","46-09 QUEENS BLVD, SUNNYSIDE, NY, 11104","-73.918522071227,40.743339877608","59692685","L","36","081","025301","3001"
"31-RC-103460","8800 Ming Ave., Bakersfield, CA, ","Match","Exact","8800 MING AVE, BAKERSFIELD, CA, 93311","-119.100311397693,35.339819033579","109141664","L","06","029","002806","2028"
"32-RC-190377","747 52Nd St., Oakland, CA, 94609","Match","Exact","747 52ND ST, OAKLAND, CA, 94609","-122.26819140968,37.837261575478","606194102","L","06","001","401000","1001"
"32-RC-208175","1925 East Houston Avenue, Visalia, CA, ","Match","Exact","1925 E HOUSTON AVE, VISALIA, CA, 93292","-119.271829332226,36.341823601796","657479175","R","06","107","001305","2000"
"31-RC-201098","2415 Antonio Ave, Camarillo, CA, 93010","Match","Exact","2415 ANTONIO AVE, CAMARILLO, CA, 93010","-119.021699696272,34.244277722858","110015303","R","06","111","005202","2018"
"29-RC-115803","111 Wilshire Blvd., Brentwood, NY, ","Match","Exact","111 WILSHIRE BLVD, BRENTWOOD, NY, 11717","-73.289979339822,40.778366962226","114255351","R","36","103","201200","1009"
"31-RC-164872","5375 West San Fernando Road, Los Angeles, CA, 90039","Match","Exact","5375 W SAN FERNANDO RD, LOS ANGELES, CA, 90039","-118.273706377551,34.149244026581","141597387","L","06","037","188100","1002"
"31-RC-185799","10685 Beech Ave., Fontana, CA, ","Match","Exact","10685 BEECH AVE, FONTANA, CA, 92337","-117.47122178159,34.05944079103","144641848","L","06","071","002609","2013"
"32-RC-289198","725 Welch Road, Palo Alto, CA, ","Match","Exact","725 WELCH RD, PALO ALTO, CA, 94304","-122.174455873369,37.437200027352","618202442","L","06","085","511609","1025"
"29-RC-102996","79 Cedar Swamp Road, Glen Cove, NY, ","Match","Exact","79 CEDAR SWAMP RD, GLEN COVE, NY, 11542","-73.619231948407,40.853187899963","147688515","L","36","059","517302","1007"
"32-RC-203735","650 Brennan Street, San Jose, CA, ","Match","Non_Exact","650 BRENNAN AVE, SAN JOSE, CA, 95131","-121.914602455553,37.391702431978","122959904","R","06","085","505006","5012"
"32-RC-348491","3115 W. March Ln., Stockton, CA, ","Match","Exact","3115 W MARCH LN, STOCKTON, CA, 95219","-121.350993177218,37.984123393722","658264112","R","06","077","003118","2004"
"29-RC-308767","71-19 80Th Street, Glendale, NY, ","Match","Exact","71-19 80TH ST, GLENDALE, NY, 11385","-73.869337958192,40.70771608157","59705208","L","36","081","063700","3000"
"29-RC-340463","667 Kent Ave, Brooklyn, NY, ","Match","Exact","667 KENT AVE, BROOKLYN, NY, 11249","-73.963216716468,40.701107361373","59077808","L","36","047","053900","1000"
"32-RC-353848","1057A Macarthur Blvd., San Leandro, CA, 94577","Match","Non_Exact","1057A MACARTHUR BLVD, SAN LEANDRO, CA, 94577","-122.139751662596,37.732485448698","657869328","R","06","001","432100","3001"
"31-RC-290957","6762 Lexington Ave., Los Angeles, CA, 90038","Match","Exact","6762 LEXINGTON AVE, LOS ANGELES, CA, 90038","-118.338055836502,34.09252284921","141599520","L","06","037","191901","2005"
"29-RC-271363","1274 39Th Street, Brooklyn, NY, ","Match","Exact","1274 39TH ST, BROOKLYN, NY, 11218","-73.986910164035,40.640925401229","59080131","R","36","047","023000","3000"
"28-RC-195038","6900 West Millen Dr, Hobbs, NM, 88240","Match","Non_Exact","6900 W MILLEN DR, HOBBS, NM, 88244","-103.223415783237,32.764119848093","638144434","R","35","025","000702","2048"
"32-RC-336049","145 W Santa Clara St, San Jose, CA, 95113","Match","Exact","145 W SANTA CLARA ST, SAN JOSE, CA, 95113","-121.892836773368,37.335152058166","122907843","R","06","085","500800","2013"
"32-RC-320941","1438 Webster Street, Oakland, CA, 94612","Match","Exact","1438 WEBSTER ST, OAKLAND, CA, 94612","-122.268503577785,37.803766246128","124997171","R","06","001","402900","1031"
"29-RC-098359","20-52 Mott Avenue, Far Rockaway, NY, ","Match","Exact","20-52 MOTT AVE, FAR ROCKAWAY, NY, 11691","-73.753171988627,40.60447106768","59723130","R","36","081","103202","1007"
"29-RC-238349","1515 Stewart Avenue, Westbury, NY, ","Match","Exact","1515 STEWART AVE, WESTBURY, NY, 11590","-73.572265905023,40.737598332884","147632012","L","36","059","407600","2010"
"31-RC-134152","7555 San Luis Ave., Atascadero, CA, 93422","Match","Exact","7555 SAN LUIS AVE, ATASCADERO, CA, 93422","-120.658506329794,35.478135528091","109893818","R","06","079","012502","3024"
"31-RC-335538","100 Flower Street, Glendale, CA, 91201","No_Match"
"32-RC-204635","2450 Ashby Avenue, Berkeley, CA, ","Match","Exact","2450 ASHBY AVE, BERKELEY, CA, 94705","-122.267099752129,37.855159985232","652211333","R","06","001","423901","1001"
"32-RC-331629","300 Pasteur Dr. St, Anford, CA, 94305","No_Match"
"28-RC-301613","3790 South Las Vegas Boulevard, Las Vegas, NV, ","Match","Exact","3790 S LAS VEGAS BLVD, LAS VEGAS, NV, 89158","-115.173072587588,36.10864396146","617824977","L","32","003","006700","1016"
"32-RC-257578","1 Portola Pl, Monterey, CA, 93940","Match","Non_Exact","1 PORTOLA PLZ, MONTEREY, CA, 93940","-121.894218417545,36.601368688322","652010576","R","06","053","012700","2008"
"28-RC-311423","48 Walter Jones Blvd, El Paso, TX, ","Match","Exact","48 WALTER JONES BLVD, EL PASO, TX, 79906","-106.378576498806,31.81956064808","642834056","R","48","141","980000","1005"
"29-RC-248154","53 Court Street, Brooklyn, NY, 11201","Match","Exact","53 COURT ST, BROOKLYN, NY, 11201","-73.991270617602,40.69178500316","59075040","L","36","047","000900","1004"
"29-RC-192413","505 St. Marks Avenue, Brooklyn, NY, ","Match","Exact","505 ST MARKS AVE, BROOKLYN, NY, 11238","-73.956955784223,40.676175783509","59079323","L","36","047","030500","2000"
"28-RC-159381","3770 Las Vegas Blvd. South, Las Vegas, NV, ","Match","Exact","3770 LAS VEGAS BLVD S, LAS VEGAS, NV, 89109","-115.173041084965,36.105237431112","650071486","R","32","003","006700","1016"
"32-RC-340585","1093 W. Deltha Ave., Woodlake, CA, 93286","No_Match"
"28-RC-195484","2701 Simmons St., North Las Vegas, NV, 89032","Match","Exact","2701 SIMMONS ST, NORTH LAS VEGAS, NV, 89032","-115.179167035715,36.208847737625","201947728","L","32","003","003616","1003"
"29-RC-192418","105 And 150 Price Parkway, Farmingdale, NY, ","Match","Non_Exact","150 PRICE PKWY, FARMINGDALE, NY, 11735","-73.427609753555,40.741682705581","638278472","L","36","103","122300","2019"
"32-RC-203303","825 Delbon Ave., Turlock, CA, ","Match","Exact","825 DELBON AVE, TURLOCK, CA, 95382","-120.839517925226,37.510538966736","102595081","L","06","099","003907","3000"
"29-RC-314143","339 Gateway Drive, Brooklyn, NY, ","Match","Exact","339 GATEWAY DR, BROOKLYN, NY, 11239","-73.875646985809,40.651459069954","59103278","R","36","047","107001","1011"
"28-RC-163899","3720 Las Vegas Blvd South., Las Vegas, NV, ","Tie"
"28-RC-219130","3663 S. Las Vegas Blvd, Las Vegas, NV, 89109","Match","Exact","3663 S LAS VEGAS BLVD, LAS VEGAS, NV, 89109","-115.172914345721,36.110960389144","650056485","L","32","003","006700","1018"
"31-RC-115881","601 South Rockefeller Avenue, Ontario, CA, ","Match","Exact","601 S ROCKEFELLER AVE, ONTARIO, CA, 91761","-117.554517128756,34.05903351271","144641045","L","06","071","012700","1045"
"29-RC-096163","148-35 Jamaica Avenue, Jamaica, NY, ","Match","Exact","148-35 JAMAICA AVE, JAMAICA, NY, 11435","-73.806097275869,40.701867067257","59713206","L","36","081","024000","3002"
"29-RC-136323","680 Commack Road, Commack, NY, ","No_Match"
"32-RC-112807","1283 Atlantic St., Union City, CA, ","Match","Exact","1283 ATLANTIC ST, UNION CITY, CA, 94587","-122.034689267014,37.602178337962","125025636","R","06","001","440301","4013"
"29-RC-273119","3131 Nesconset Highway, Centereach, NY, ","Match","Exact","3131 NESCONSET HWY, CENTEREACH, NY, 11720","-73.098039442795,40.888094680907","638167406","R","36","103","158108","2009"
"31-RC-347513","12780 San Fernando Road, Sylmar, CA, ","Match","Exact","12780 SAN FERNANDO RD, SYLMAR, CA, 91342","-118.462433025183,34.302384676775","141545471","R","06","037","106520","2012"
"29-RC-192894","301 Sullivan Place, Brooklyn, NY, 11225","Match","Exact","301 SULLIVAN PL, BROOKLYN, NY, 11225","-73.952518582264,40.664647171115","59079543","L","36","047","032100","4000"
"32-RC-086032","1555 Soquel Dr., In Santa Cruz, CA, ","Match","Non_Exact","1555 SOQUEL DR, SANTA CRUZ, CA, 95065","-121.984356829024,36.988232879582","606001915","L","06","087","121300","1003"
"32-RC-294523","7010 N. Marks Avenue, Fresno, CA, 93711","Match","Exact","7010 N MARKS AVE, FRESNO, CA, 93711","-119.847346866465,36.837438231397","197632009","R","06","019","004301","3026"
"29-RC-298884","1 John Street, Brooklyn, NY, ","Match","Exact","1 JOHN ST, BROOKLYN, NY, 11201","-73.98835695682,40.704511772868","59074727","L","36","047","002100","2000"
"32-RC-281210","1205 E North Street, Manteca, CA, 95336","Match","Non_Exact","1205 NORTH ST, MANTECA, CA, 95336","-121.1981601206,37.801124114436","133859289","L","06","077","005140","2007"
"29-RC-257095","160 Schermerhorn Street, Brooklyn, NY, ","Match","Exact","160 SCHERMERHORN ST, BROOKLYN, NY, 11201","-73.987262658859,40.689390909697","59075332","R","36","047","004300","2000"
"31-RC-233927","43755-43717 N. Division Street, Lancaster, CA, ","Match","Non_Exact","43717 DIVISION ST, LANCASTER, CA, 93535","-118.130262895882,34.678166167937","655808759","L","06","037","900501","2003"
"32-RC-304022","12480 Ridge Road, Sutter Creek, CA, 95685","Match","Exact","12480 RIDGE RD, SUTTER CREEK, CA, 95685","-120.789523404192,38.382655395074","132721711","R","06","005","000401","4016"
"31-RC-248185","44151 15Th St. West, Lancaster, CA, 93534","Match","Exact","44151 15TH ST W, LANCASTER, CA, 93534","-118.156874025743,34.685051701173","641277113","L","06","037","900703","1000"
"31-RC-275764","12006 East End Avenue, Chino, CA, ","Match","Exact","12006 E END AVE, CHINO, CA, 91710","-117.724341043711,34.034687941159","614819507","R","06","071","000403","3008"
"32-RC-258444","3633 Duck Creek Drive, Stockton, CA, ","Match","Exact","3633 DUCK CREEK DR, STOCKTON, CA, 95215","-121.229625901243,37.933901636192","133857176","R","06","077","003700","3002"
"32-RC-182304","782 E. Harding Way, Stockton, CA, ","Match","Exact","782 E HARDING WAY, STOCKTON, CA, 95204","-121.284041918716,37.969126829509","133849997","R","06","077","000402","1000"
"32-RC-065568","2050 Villanova Drive, Reno, NV, ","Match","Exact","2050 VILLANOVA DR, RENO, NV, 89502","-119.780509482654,39.509383993258","107108789","R","32","031","002107","2011"
"32-RC-155529","3110 W. Nielsen Avenue, In Fresno, CA, ","Match","Non_Exact","3110 W NIELSEN AVE, FRESNO, CA, 93706","-119.847883943784,36.742933312529","645806610","R","06","019","008600","1002"
"29-RC-156380","195 Oval Drive, Islandia, NY, ","Match","Exact","195 OVAL DR, ISLANDIA, NY, 11749","-73.193735632541,40.805013896587","113989747","R","36","103","145804","1019"
"31-RC-242409","23126 Drayton Street, Santa Clarita, CA, ","Match","Exact","23126 DRAYTON ST, SANTA CLARITA, CA, 91350","-118.540034307332,34.411374171658","142701753","R","06","037","920314","2028"
"32-RC-338271","2200 Mission College Blvd, Santa Clara, CA, 95054","Match","Exact","2200 MISSION COLLEGE BLVD, SANTA CLARA, CA, 95054","-121.964939755485,37.388658539275","122958487","R","06","085","505010","3011"
"32-RC-321842","4704 Fite Ct., Stockton, CA, 95215","Match","Exact","4704 FITE CT, STOCKTON, CA, 95215","-121.208254534426,37.908123772881","133893296","R","06","077","003700","3018"
"32-RC-188086","2637 Marine Way, South San Francisco, CA, 94080","No_Match"
"28-RC-290427","3333 Al Davis Way, Las Vegas, NV, ","No_Match"
"28-RC-354599","3409 E. 33Rd Pl, Yuma, AZ, 85365","Match","Non_Exact","3409 33RD PL, YUMA, AZ, 85365","-114.574650097427,32.666927919261","617967672","R","04","027","011107","1039"
"32-RC-238842","1024 Mellon Avenue, Manteca, CA, ","Match","Non_Exact","1024 S MELLON AVE, MANTECA, CA, 95337","-121.212155239324,37.789097098257","133902381","L","06","077","005137","4004"
"32-RC-267381","450 Edison Way, Reno, NV, ","Match","Exact","450 EDISON WAY, RENO, NV, 89502","-119.756158537701,39.505634129604","107054023","L","32","031","980000","1034"
"31-RC-083763","10650 Hemlock And 10774 Poplar Avenue, Fontana, CA, ","Match","Non_Exact","10774 POPLAR AVE, FONTANA, CA, 92337","-117.46261485104,34.058016397261","145226051","R","06","071","002609","2014"
"29-RC-178146","79-01 Broadway, Elmhurst, NY, ","No_Match"
"31-RC-207660","6601 And 6722 White Feather Road, Joshua Tree, CA, ","Match","Non_Exact","6722 WHITE FEATHER RD, JOSHUA TREE, CA, 92252","-116.27681546118,34.131162496851","144620048","L","06","071","010419","1023"
"29-RC-138950","69-73 74Th Street, Middle Village, NY, ","Match","Exact","69-73 74TH ST, MIDDLE VILLAGE, NY, 11379","-73.876678651489,40.707644132641","59695978","L","36","081","061900","1008"
"31-RC-198659","12555 Central Ave., Chino, CA, 91710","Match","Exact","12555 CENTRAL AVE, CHINO, CA, 91710","-117.689329127996,34.025442519802","144673007","L","06","071","000604","2002"
"32-RC-155511","150 River Oaks Parkway, San Jose, CA, ","Match","Exact","150 RIVER OAKS PKWY, SAN JOSE, CA, 95134","-121.936688115674,37.403430768071","122994484","L","06","085","505006","2003"
"29-RC-115854","169 Atlantic Ave, Brooklyn, NY, ","Match","Exact","169 ATLANTIC AVE, BROOKLYN, NY, 11201","-73.994265769657,40.690277094524","59075217","L","36","047","000900","2002"
"31-RC-228102","10400 Rancho Road, Adelanto, CA, 92301","Match","Exact","10400 RANCHO RD, ADELANTO, CA, 92301","-117.438987836132,34.557685337195","637795270","L","06","071","009133","3134"
"32-RC-336083","2033 Gateway Place, San Jose, CA, 95110","Match","Exact","2033 GATEWAY PL, SAN JOSE, CA, 95110","-121.922806048147,37.370658321643","122903018","R","06","085","505100","4001"
"31-RC-139814","3828 Delmas Terrace, Culver City, CA, ","Match","Exact","3828 DELMAS TER, CULVER CITY, CA, 90232","-118.397146436993,34.023069677386","241239583","L","06","037","702400","2006"
"31-RC-111029","3834 S. Western Avenue, Los Angeles, CA, ","Match","Exact","3834 S WESTERN AVE, LOS ANGELES, CA, 90062","-118.308830728652,34.016127275417","141606497","L","06","037","231302","2005"
"31-RC-248127","1400 E. Church Street, Santa Maria, CA, 93454","Match","Exact","1400 E CHURCH ST, SANTA MARIA, CA, 93454","-120.41459704214,34.952035881956","108595926","L","06","083","002211","4005"
"32-RC-306227","2155 Loveridge Road, Pittsburg, CA, 94565","Match","Exact","2155 LOVERIDGE RD, PITTSBURG, CA, 94565","-121.86948107388,38.010348713401","637094645","L","06","013","313102","1005"
"32-RC-259399","4785 Lawrence Ln, Fallon, NV, ","Match","Exact","4785 LAWRENCE LN, FALLON, NV, 89406","-118.555342542073,39.545767318015","139978734","L","32","001","950100","1181"
"32-RC-146223","3265 Investment Boulevard, Fresno, CA, ","No_Match"
"31-RC-147422","100 West California Blvd., Pasadena, CA, ","Match","Exact","100 W CALIFORNIA BLVD, PASADENA, CA, 91105","-118.15403359909,34.135704833991","141629633","L","06","037","463900","1001"
"29-RC-244157","99 Mark Tree Road, Centereach, NY, ","Match","Exact","99 MARK TREE RD, CENTEREACH, NY, 11720","-73.083640549647,40.860271513773","643054384","L","36","103","158103","1011"
"32-RC-144041","4520 S. Hwy., Stockton, CA, ","No_Match"
"31-RC-257073","400 Old River Road, Bakersfield, CA, 93301","Match","Non_Exact","400 OLD RIVER RD, BAKERSFIELD, CA, 93311","-119.114428057232,35.352233397933","109139594","L","06","029","002806","2012"
"32-RC-217519","5555 W. Las Positas Blvd., Pleasanton, CA, ","Match","Exact","5555 W LAS POSITAS BLVD, PLEASANTON, CA, 94588","-121.888542758956,37.687234844894","125080925","L","06","001","450743","4013"
"29-RC-290053","526 Gulf Avenue, Staten Island, NY, ","Match","Exact","526 GULF AVE, STATEN ISLAND, NY, 10314","-74.180279412966,40.613661067815","647708961","L","36","085","029102","1019"
"31-RC-276608","44545 Trevor Ave., Lancaster, CA, 93534","Match","Exact","44545 TREVOR AVE, LANCASTER, CA, 93534","-118.132585961283,34.691259301728","141526561","R","06","037","900607","1021"
"32-RC-227309","2791 North Main Street, In Walnut Creek, CA, ","Match","Non_Exact","2791 N MAIN ST, WALNUT CREEK, CA, 94597","-122.063110198605,37.924984974757","192089033","L","06","013","340001","2011"
"28-RC-151070","6355 S Buffalo Dr., Las Vegas, NV, ","Match","Exact","6355 S BUFFALO DR, LAS VEGAS, NV, 89113","-115.260804543676,36.072881113238","641446535","R","32","003","002974","2017"
"28-RC-289033","1222 S. Crismon Road, Mesa, AZ, ","Match","Exact","1222 S CRISMON RD, MESA, AZ, 85209","-111.61547020019,33.392831540521","657461819","R","04","013","422660","1022"
"32-RC-258050","1601 Dixon Landing Road, Milpitas, CA, ","Match","Exact","1601 DIXON LANDING RD, MILPITAS, CA, 95035","-121.926652413283,37.455132759758","637754729","R","06","001","441503","2044"
"32-RC-217504","5168 E. Dakota Avenue, Fresno, CA, ","Match","Exact","5168 E DAKOTA AVE, FRESNO, CA, 93727","-119.720103837389,36.786665035969","645802969","R","06","019","003104","2024"
"31-RC-152471","7800 Beverly Boulevard, Los Angeles, CA, 90036","Match","Exact","7800 BEVERLY BLVD, LOS ANGELES, CA, 90036","-118.359470964603,34.076052852236","141598568","L","06","037","214501","2003"
"32-RC-275865","1293 Harkins Road, Salinas, CA, 93901","No_Match"
"28-RC-192859","615 W Cheyenne Ave. N, Las Vegas, NV, ","Match","Non_Exact","615 W CHEYENNE AVE, NORTH LAS VEGAS, NV, 89030","-115.149942027265,36.217797005283","636831626","L","32","003","003700","1000"
"31-RC-145238","11695 Pacific Ave, Fontana, CA, ","Match","Exact","11695 PACIFIC AVE, FONTANA, CA, 92337","-117.518217310067,34.040944129348","144731513","L","06","071","002204","1049"
"32-RC-306231","2155 Loveridge Road, Pittsburg, CA, 94565","Match","Exact","2155 LOVERIDGE RD, PITTSBURG, CA, 94565","-121.86948107388,38.010348713401","637094645","L","06","013","313102","1005"
"31-RC-147416","9150 Aviation Boulevard, Los Angeles, CA, ","No_Match"
"34-RC-083026","7 Makara St. Ter, Ryville, CT, 06786","Match","Non_Exact","7 MAKARA ST, TERRYVILLE, CT, 06786","-72.994998447748,41.67824503212","3115206","R","09","005","425500","3000"
"29-RC-273962","1333 Roanoke Ave, Riverhead, NY, ","Match","Exact","1333 ROANOKE AVE, RIVERHEAD, NY, 11901","-72.673462717508,40.932368946202","114023965","L","36","103","169800","2006"
"31-RC-145235","10641 Almond Avenue, Fontana, CA, 92337","Match","Exact","10641 ALMOND AVE, FONTANA, CA, 92337","-117.493168756744,34.060304379183","653170260","L","06","071","002609","2031"
"31-RC-138948","490 W. Foster Road, Santa Barbara, CA, 93110","No_Match"
"29-RC-165253","2100 Smithtown Avenue, Ronkonkoma, NY, ","Match","Exact","2100 SMITHTOWN AVE, RONKONKOMA, NY, 11779","-73.110729269896,40.79868097371","642662427","L","36","103","146618","4010"
"29-RC-333314","451 Clarkson Ave., Brooklyn, NY, ","Match","Exact","451 CLARKSON AVE, BROOKLYN, NY, 11203","-73.945225608004,40.655771944262","642653708","L","36","047","080800","1001"
"32-RC-248268","1675 Pomona Avenue, San Jose, CA, ","Match","Exact","1675 POMONA AVE, SAN JOSE, CA, 95110","-121.872875700636,37.310046903869","122910835","R","06","085","503121","3014"
"32-RC-241643","700 Avenger Avenue, Lemoore, CA, ","Match","Exact","700 AVENGER AVE, LEMOORE, CA, 93246","-119.871289587473,36.264871228093","635493746","R","06","031","980000","1113"
"31-RC-237494","6641 Santa Monica Boulevard, Hollywood, CA, 90038","Match","Non_Exact","6641 SANTA MONICA BLVD, W HOLLYWOOD, CA, 90038","-118.334453427295,34.090779729993","141599753","R","06","037","191901","2007"
"32-RC-251444","2708 Pinole Valley Road, Pinole, CA, ","Match","Exact","2708 PINOLE VALLEY RD, PINOLE, CA, 94564","-122.285679167089,37.995709355052","192090915","R","06","013","360101","3001"
"31-RC-174274","1503 Cypress Way, Santa Maria, CA, ","Match","Exact","1503 CYPRESS WAY, SANTA MARIA, CA, 93454","-120.412039877284,34.95101029232","645526320","L","06","083","002211","4002"
"32-RC-348087","1015 Joaquin Road, Mountain View, CA, 94043","Match","Exact","1015 JOAQUIN RD, MOUNTAIN VIEW, CA, 94043","-122.080370663185,37.417309719432","614024908","R","06","085","504601","1080"
"32-RC-196072","7171 N. Palm Avenue, Fresno, CA, ","Match","Exact","7171 N PALM AVE, FRESNO, CA, 93650","-119.808299468483,36.840022724496","645597405","L","06","019","004409","1005"
"29-RC-221051","847 Shepherd Avenue, Brooklyn, NY, ","Match","Exact","847 SHEPHERD AVE, BROOKLYN, NY, 11208","-73.876200262059,40.663909689815","640860490","L","36","047","111600","2011"
"32-RC-204652","629 W. Davis Street, Hanford, CA, ","Match","Non_Exact","629 DAVIS ST, HANFORD, CA, 93230","-119.652845902451,36.317631363181","197988108","L","06","031","001100","3002"
"34-RC-091901","200 Callegari Drive, West Haven, CT, ","Match","Exact","200 CALLEGARI DR, WEST HAVEN, CT, 06516","-72.986459382286,41.2554569507","3745408","L","09","009","154700","4002"
"28-RC-331456","4550 East Los Reales Road, Tucson, AZ, ","Match","Exact","4550 E LOS REALES RD, TUCSON, AZ, 85756","-110.8946934207,32.119391350103","654461304","R","04","019","980002","1030"
"31-RC-143046","3828 Delmas Tarrace, Culver City, CA, ","No_Match"
"31-RC-133248","2627 Hollywood Way, Burbank, CA, ","Match","Non_Exact","2627 N HOLLYWOOD WAY, BURBANK, CA, 91505","-118.348953898261,34.19618813799","142725510","L","06","037","980001","1001"
"32-RC-159527","1900 Coffee Road, In Modesto, CA, ","Match","Non_Exact","1900 COFFEE RD, MODESTO, CA, 95355","-120.975628987221,37.670335534958","634221002","R","06","099","000910","3001"
"29-RC-208955","1491 Broadway Avenue, Brooklyn, NY, ","Match","Non_Exact","1491 BROADWAY, BROOKLYN, NY, 11221","-73.918099313307,40.687312353383","59099643","L","36","047","039700","1000"
"32-RC-352114","4050 Port Chicago Highway, Concord, CA, 94520","No_Match"
"31-RC-297501","503 East Santa Ana Avenue, Rialto, CA, 92376","Tie"
"32-RC-176474","2425 Samaritan Drive, San Jose, CA, ","Match","Exact","2425 SAMARITAN DR, SAN JOSE, CA, 95124","-121.945463600708,37.251167415836","650232255","L","06","085","502704","1007"
"31-RC-153341","1898 E. Colton Avenue, Redlands, CA, ","Match","Exact","1898 E COLTON AVE, REDLANDS, CA, 92374","-117.134535163229,34.062795784515","145230011","R","06","071","008601","2002"
"29-RC-186190","145 Wolcott St., Brooklyn, NY, 11231","Match","Exact","145 WOLCOTT ST, BROOKLYN, NY, 11231","-74.014260247713,40.678160497232","59093455","L","36","047","005301","1003"
"32-RC-296324","14287 East Manning Ave., Parlier, CA, ","Match","Exact","14287 E MANNING AVE, PARLIER, CA, 93648","-119.534326799957,36.604754246708","197592678","R","06","019","008501","1002"
"28-RC-322503","5860 Wynn Rd., Las Vegas, NV, 89118","Match","Exact","5860 WYNN RD, LAS VEGAS, NV, 89118","-115.194469355156,36.083402133373","201922279","L","32","003","002962","1068"
"29-RC-178102","80 Seigel Street, Brooklyn, NY, ","Match","Exact","80 SEIGEL ST, BROOKLYN, NY, 11206","-73.94309306746,40.704380083263","59078941","L","36","047","049100","3001"
"32-RC-248280","1001 N. 9Th Street, Modesto, CA, ","Match","Non_Exact","1001 9TH ST, MODESTO, CA, 95354","-121.001390325382,37.639796483885","102604565","L","06","099","001800","2053"
"31-RC-217418","2825 E Ave, Palmdale, CA, 93550","Match","Non_Exact","2825 E AVE S, PALMDALE, CA, 93550","-118.078999202203,34.558155723934","640419981","L","06","037","910608","2015"
"31-RC-226362","10675 W. Vanowen St., Burbank, CA, 91505","Match","Non_Exact","10675 VANOWEN ST, BURBANK, CA, 91505","-118.363307191216,34.194004430909","642869180","R","06","037","123103","1001"
"32-RC-331673","29000 Hesperian Blvd., Hayward, CA, ","Match","Exact","29000 HESPERIAN BLVD, HAYWARD, CA, 94545","-122.086307842097,37.614244195079","650205958","L","06","001","438400","2016"
"31-RC-226367","42210 6Th St. West, Lancaster, CA, ","Match","Exact","42210 6TH ST W, LANCASTER, CA, 93534","-118.141158751857,34.648358466819","241252447","L","06","037","900704","2007"
"31-RC-142184","14645 Merrill Avenue, Fotana, CA, ","Match","Non_Exact","14645 MERRILL AVE, FONTANA, CA, 92335","-117.485361568191,34.091919800978","144969822","R","06","071","002403","2002"
"32-RC-316051","1338 The Alameda, San Jose, CA, 95126","Match","Exact","1338 THE ALAMEDA, SAN JOSE, CA, 95126","-121.913927322115,37.333151916603","122903771","R","06","085","500600","1001"
"28-RC-188309","3950 Las Vegas Boulevard South, Las Vegas, NV, ","Match","Exact","3950 LAS VEGAS BLVD S, LAS VEGAS, NV, 89119","-115.17295369146,36.093410381147","201870511","R","32","003","006800","4033"
"32-RC-193818","2510 N. California Street, Stockton, CA, ","Tie"
"29-RC-012060","9530 Church Avenue, Brooklyn, NY, ","Match","Exact","9530 CHURCH AVE, BROOKLYN, NY, 11212","-73.91599141651,40.655277973462","59084046","R","36","047","089000","5001"
"29-RC-317254","2400 Hempstead Turnpike, Elmont, NY, ","No_Match"
"31-RC-088605","5801 Truxtun Avenue, Bakersfield, CA, ","Match","Exact","5801 TRUXTUN AVE, BAKERSFIELD, CA, 93309","-119.067983387375,35.364038713633","109085442","L","06","029","001804","2023"
"31-RC-063786","2627 Hollywood Way, Burbank, CA, 91505","Match","Non_Exact","2627 N HOLLYWOOD WAY, BURBANK, CA, 91505","-118.348953898261,34.19618813799","142725510","L","06","037","980001","1001"
"32-RC-270141","2740 Grant Street, Concord, CA, 94520","Match","Exact","2740 GRANT ST, CONCORD, CA, 94520","-122.038003277009,37.984890129822","192053684","R","06","013","329000","4007"
"29-RC-250868","37-06 61St Street, Woodside, NY, 11377","Match","Exact","37-06 61ST ST, WOODSIDE, NY, 11377","-73.901800452487,40.749324624636","59693317","R","36","081","025900","1006"
"29-RC-248552","146 South 4Th Street, Brooklyn, NY, ","Match","Exact","146 S 4TH ST, BROOKLYN, NY, 11211","-73.962215995275,40.711575169639","59076081","R","36","047","054900","2000"
"29-RC-354684","270-05 76Th Avenue, New Hyde Park, NY, 11040","Match","Exact","270-05 76TH AVE, NEW HYDE PARK, NY, 11040","-73.706882858069,40.753333877156","59724527","L","36","081","155104","2000"
"32-RC-146661","333 Filbert Street, In Oakland, CA, ","Match","Non_Exact","333 FILBERT ST, OAKLAND, CA, 94607","-122.286023244845,37.800633206328","635729471","L","06","001","982000","1004"
"29-RC-012069","41-31 39Th Street, Long Island City, NY, ","Match","Exact","41-31 39TH ST, LONG ISLAND CITY, NY, 11104","-73.925500590569,40.74688838421","59692406","L","36","081","017901","1000"
"29-RC-162170","37-06 61St Street, Woodside, NY, ","Match","Exact","37-06 61ST ST, WOODSIDE, NY, 11377","-73.901800452487,40.749324624636","59693317","R","36","081","025900","1006"
"29-RC-297965","50 Zorn Boulevard, Yaphank, NY, 11980","Match","Exact","50 ZORN BLVD, YAPHANK, NY, 11980","-72.940315432858,40.811366211792","641618726","L","36","103","159106","2015"
"32-RC-345875","1776 4Th Street, Berkeley, CA, 94710","Match","Exact","1776 4TH ST, BERKELEY, CA, 94710","-122.300947498768,37.870598719237","635729338","R","06","001","422000","2039"
"29-RC-293126","110 Lake Avenue, Nesconset, NY, 11767","Match","Exact","110 LAKE AVE, NESCONSET, NY, 11767","-73.153543237632,40.856837047696","113987650","L","36","103","135401","3001"
"29-RC-012067","1735 Merrick Road, Merrick, NY, ","Match","Exact","1735 MERRICK RD, MERRICK, NY, 11566","-73.55831440863,40.65380566329","147635707","L","36","059","415101","2015"
"31-RC-335931","1000 Vin Scully Ave, Los Angeles, CA, 90012","Match","Exact","1000 VIN SCULLY AVE, LOS ANGELES, CA, 90012","-118.248020738756,34.072381907813","142854180","L","06","037","197700","1000"
"32-RC-281286","1120 Berryessa Road, San Jose, CA, ","No_Match"
"29-RC-012061","88-01 Queens Boulevard, Elmhurst, NY, 11373","Match","Exact","88-01 QUEENS BLVD, ELMHURST, NY, 11373","-73.875757545086,40.735753641251","640916649","L","36","081","047300","2007"
"29-RC-012062","219 Johnson Avenue, Located In Brooklyn, NY, ","Match","Non_Exact","219 JOHNSON AVE, BROOKLYN, NY, 11206","-73.940881219314,40.706865200772","59077287","L","36","047","049302","2002"
"31-RC-224597","4781 Shipside Rd, Port Hueneme, CA, ","No_Match"
"32-RC-065506","1540 S. Seventh Street, San Jose, CA, ","Match","Exact","1540 S 7TH ST, SAN JOSE, CA, 95112","-121.867223995447,37.316516373816","122910894","L","06","085","503122","1007"
"32-RC-227354","4672 East Drummond Avenue, Fresno, CA, ","Match","Exact","4672 E DRUMMOND AVE, FRESNO, CA, 93725","-119.743953517196,36.705947705694","197583800","R","06","019","001202","2020"
"29-RC-012064","6715 Bay Parkway, Brooklyn, NY, ","Match","Exact","6715 BAY PKWY, BROOKLYN, NY, 11204","-73.982943345677,40.612306958411","59089388","L","36","047","043000","1000"
"29-RC-249409","1900 South Avenue, Staten Island, NY, ","Match","Exact","1900 SOUTH AVE, STATEN ISLAND, NY, 10314","-74.193356510059,40.601527619104","59888887","R","36","085","029102","1051"
"31-RC-143016","17486 Nisqualli Road, Victorville, CA, ","Match","Exact","17486 NISQUALLI RD, VICTORVILLE, CA, 92395","-117.282070994653,34.485622336175","144759408","L","06","071","010037","3013"
"32-RC-346731","7247 W. Goshen Ave., Visalia, CA, 93277","Match","Non_Exact","7247 W GOSHEN AVE, VISALIA, CA, 93291","-119.391818825265,36.341947623032","648893281","L","06","107","001008","2046"
"31-RC-238753","1671 San Fernando Road, San Fernando, CA, 91340","No_Match"
"28-RC-165660","3799 S. Las Vegas Boulevard, Las Vegas, NV, ","Match","Exact","3799 S LAS VEGAS BLVD, LAS VEGAS, NV, 89169","-115.172930749321,36.108628022109","617824977","R","32","003","006700","1017"
"32-RC-286507","675 Cola G., Sparks, NV, 89434","Match","Non_Exact","675 COLA CT, SPARKS, NV, 89434","-119.70602752319,39.538953404036","107116536","L","32","031","003111","1008"
"29-RC-270011","300 Adelphi Street, Brooklyn, NY, ","Match","Exact","300 ADELPHI ST, BROOKLYN, NY, 11205","-73.97120594299,40.689475508249","642654358","R","36","047","018100","4001"
"31-RC-321302","12780 San Fernando Road, Sylmar, CA, ","Match","Exact","12780 SAN FERNANDO RD, SYLMAR, CA, 91342","-118.462433025183,34.302384676775","141545471","R","06","037","106520","2012"
"29-RC-223263","101 Hospital Road, Patchogue, NY, ","Match","Exact","101 HOSPITAL RD, PATCHOGUE, NY, 11772","-72.978165126072,40.78033948522","643034636","L","36","103","159110","1021"
"29-RC-012077","972 Nicholls Road, Deer Park, NY, ","Match","Non_Exact","972 NICOLLS RD, DEER PARK, NY, 11729","-73.309867120224,40.768796671821","113982632","R","36","103","122707","2000"
"29-RC-113610","4208 80Th Street, Elmhurst, NY, 11373","Match","Exact","4208 80TH ST, ELMHURST, NY, 11373","-73.884893575952,40.74357851476","653464232","R","36","081","048100","2000"
"28-RC-274820","5604 E El Campo Grande Ave., Las Vegas, NV, 89115","No_Match"
"29-RC-012078","15 Willow Street, Brooklyn, NY, ","Match","Exact","15 WILLOW ST, BROOKLYN, NY, 11201","-73.994077348049,40.700883701581","640858003","L","36","047","000100","1011"
"29-RC-012079","29-01 216Th Street, Bayside, NY, ","Match","Exact","29-01 216TH ST, BAYSIDE, NY, 11360","-73.770205572144,40.776618427816","59703084","L","36","081","109300","2000"
"31-RC-142163","3559 Goldstone Road, Fort Irwin, CA, 92310","No_Match"
"32-RC-301826","3301 Crow Canyon Road, Ca 95361) And Stockton, CA, ","No_Match"
"28-RC-349188","3001 S. St. Francis Drive, Santa Fe, NM, ","Match","Exact","3001 S SAINT FRANCIS DR, SANTA FE, NM, 87505","-105.956261130583,35.646976135895","645241520","L","35","049","001102","1007"
"29-RC-012073","217 East 127Th Street, New York, NY, ","Match","Exact","217 E 127TH ST, NEW YORK, NY, 10035","-73.934430552417,40.804872782203","59658113","L","36","061","024200","3004"
"31-RC-226302","9440 Citrus Avenue, Fontana, CA, ","Match","Exact","9440 CITRUS AVE, FONTANA, CA, 92335","-117.453774122939,34.082311765043","640051271","R","06","071","002503","1000"
"29-RC-114908","111 Wilshire Blvd., Brentwood, NY, 11717","Match","Exact","111 WILSHIRE BLVD, BRENTWOOD, NY, 11717","-73.289979339822,40.778366962226","114255351","R","36","103","201200","1009"
"29-RC-012081","4295 Hempstead Turnpike, Bethpage, NY, ","Match","Exact","4295 HEMPSTEAD TPKE, BETHPAGE, NY, 11714","-73.478512265918,40.725864228845","657124199","R","36","059","520200","1000"
"29-RC-012082","4295 Hempstead Turnpike, Bethpage, NY, ","Match","Exact","4295 HEMPSTEAD TPKE, BETHPAGE, NY, 11714","-73.478512265918,40.725864228845","657124199","R","36","059","520200","1000"
"29-RC-321777","59 Frost Street, Brooklyn, NY, ","Match","Exact","59 FROST ST, BROOKLYN, NY, 11211","-73.949745524357,40.717668981371","59076548","L","36","047","051500","1008"
"28-RC-355855","8951 N. Terryl B Adams Street, North Las Vegas, NV, ","Match","Non_Exact","8951 N TERRYL B ADAMS ST, LAS VEGAS, NV, 89165","-114.986209060314,36.316577511407","658477042","R","32","003","005902","1211"
"34-RC-078972","307 White Street, Danbury, CT, ","Match","Exact","307 WHITE ST, DANBURY, CT, 06810","-73.431209197835,41.399360914953","3232321","L","09","001","210402","3006"
"31-RC-341365","23790 Newhall Avenue, Santa Clarita, CA, 91321","Match","Exact","23790 NEWHALL AVE, SANTA CLARITA, CA, 91321","-118.516540960853,34.371948195809","241252310","L","06","037","920342","1005"
"29-RC-246396","101 Hospital Road, Patchogue, NY, ","Match","Exact","101 HOSPITAL RD, PATCHOGUE, NY, 11772","-72.978165126072,40.78033948522","643034636","L","36","103","159110","1021"
"32-RC-286957","1441 Constitution Blvd, Salinas, CA, ","Match","Exact","1441 CONSTITUTION BLVD, SALINAS, CA, 93906","-121.631009843206,36.695644994192","196854416","R","06","053","010608","2004"
"31-RC-119375","1520 E. Mission Blvd., Ontario, CA, 91761","Match","Exact","1520 E MISSION BLVD, ONTARIO, CA, 91761","-117.620141509969,34.052968785379","144636746","R","06","071","001803","2006"
"32-RC-345855","2425 Samaritan Dr., Los Gators, CA, 95032","No_Match"
"29-RC-012087","23-30 Borden Avenue, Long Island City, NY, ","Match","Exact","23-30 BORDEN AVE, LONG ISLAND CITY, NY, 11101","-73.949207281748,40.740248761791","59692027","R","36","081","000104","1019"
"29-RC-012083","166 Rockaway Parkway, Brooklyn, NY, ","Match","Exact","166 ROCKAWAY PKWY, BROOKLYN, NY, 11212","-73.921939817529,40.662667026009","59083617","R","36","047","089200","3001"
"29-RC-352009","166 7Th Avenue, Brooklyn, NY, 11215","Match","Exact","166 7TH AVE, BROOKLYN, NY, 11215","-73.977462031979,40.671935452182","59078186","R","36","047","015700","4000"
"32-RC-346709","2633 E 27Th St., Oakland, CA, ","Match","Exact","2633 E 27TH ST, OAKLAND, CA, 94601","-122.222127036006,37.79117653318","637742964","R","06","001","406300","2000"
"29-RC-012090","421 Chester Street, Floral Park, NY, ","No_Match"
"29-RC-154599","195 Montague St, Brooklyn, NY, ","Match","Exact","195 MONTAGUE ST, BROOKLYN, NY, 11201","-73.992055848743,40.694235276222","59075034","L","36","047","000900","1000"
"29-RC-157623","780 Saint Marks Avenue. E, Brooklyn, NY, ","Match","Non_Exact","780 ST MARKS AVE, BROOKLYN, NY, 11213","-73.947158938831,40.674989955437","650085810","R","36","047","034100","1001"
"29-RC-012092","380 Henry Street, Floral Park, NY, ","No_Match"
"29-RC-012093","72 Albany Avenue, Freeport, NY, 11520","Match","Exact","72 ALBANY AVE, FREEPORT, NY, 11520","-73.569209639726,40.652333084184","147832515","R","36","059","414400","5016"
"29-RC-257035","89-36 Stuphin Boulevard, Jamaica, NY, 11435","Match","Non_Exact","89-36 SUTPHIN BLVD, JAMAICA, NY, 11435","-73.808535982311,40.703059327622","59713165","R","36","081","024000","1001"
"31-RC-294436","7030 Market Pl. Dr., Goleta, CA, 93117","Match","Exact","7030 MARKET PLACE DR, GOLETA, CA, 93117","-119.871463406158,34.428690478866","108695407","L","06","083","002935","2009"
"29-RC-239621","301 East Main Street, Bay Shore, NY, ","Match","Exact","301 E MAIN ST, BAY SHORE, NY, 11706","-73.241013941334,40.724889862631","113997217","L","36","103","147302","3015"
"32-RC-306298","25430 Rd 140, Tulare, CA, 93274","No_Match"
"32-RC-199133","5346 Madison Ave., Sacramento, CA, ","Match","Exact","5346 MADISON AVE, SACRAMENTO, CA, 95841","-121.339701374634,38.660694453886","133426365","R","06","067","007503","1002"
"31-RC-157747","12401 Industrial Boulevard, Victorville, CA, ","Match","Exact","12401 INDUSTRIAL BLVD, VICTORVILLE, CA, 92395","-117.282842439027,34.475011337418","648650169","R","06","071","010037","1000"
"32-RC-178213","4199 Gibralter Court St, Ockton, CA, ","No_Match"
"31-RC-136701","550 N. Monterey Ave., Ontario, CA, ","Match","Exact","550 N MONTEREY AVE, ONTARIO, CA, 91764","-117.643670746031,34.068871836886","145225984","R","06","071","001501","1003"
"31-RC-074897","801 Royal Oaks Drive, Monrovia, CA, 91016","Match","Exact","801 ROYAL OAKS DR, MONROVIA, CA, 91016","-117.988553303096,34.143262415137","241241867","L","06","037","431002","2016"
"31-RC-189796","1500 San Pablo Street, Los Angeles, CA, ","Match","Exact","1500 SAN PABLO ST, LOS ANGELES, CA, 90033","-118.203042269976,34.062379537908","141622675","R","06","037","203300","1004"
"31-RC-229835","1755 N Highland Avenue, Los Angeles, CA, 90028","Match","Exact","1755 N HIGHLAND AVE, LOS ANGELES, CA, 90028","-118.338769607748,34.103572751674","648859056","L","06","037","190101","1000"
"32-RC-224295","2425 Samaritan Drive, San Jose, CA, ","Match","Exact","2425 SAMARITAN DR, SAN JOSE, CA, 95124","-121.945463600708,37.251167415836","650232255","L","06","085","502704","1007"
"32-RC-224297","2425 Samaritan Drive, San Jose, CA, ","Match","Exact","2425 SAMARITAN DR, SAN JOSE, CA, 95124","-121.945463600708,37.251167415836","650232255","L","06","085","502704","1007"
"31-RC-268134","765 College St, Los Angeles, CA, ","Match","Non_Exact","765 W COLLEGE ST, LOS ANGELES, CA, 90012","-118.241877340496,34.065608624787","141617933","R","06","037","207103","2003"
"29-RC-127487","903 44Th Road, Long Island City, NY, ","Match","Exact","9-03 44TH RD, LONG ISLAND CITY, NY, 11101","-73.951908720344,40.749842559244","59691834","L","36","081","001903","1021"
"32-RC-285284","8300 Baldwin Street, Oakland, CA, ","Match","Exact","8300 BALDWIN ST, OAKLAND, CA, 94621","-122.19362259642,37.746136024956","125008322","L","06","001","409000","1000"
"32-RC-312864","2617 Davis Street, San Leandro, CA, 94577","Match","Exact","2617 DAVIS ST, SAN LEANDRO, CA, 94577","-122.192247180134,37.714643893661","606135092","L","06","001","432400","3011"
"34-RC-002423","647 Cromwell Avenue, Rocky Hill, CT, ","Match","Exact","647 CROMWELL AVE, ROCKY HILL, CT, 06067","-72.679900648212,41.652830916426","635727150","R","09","003","490304","2001"
"34-RC-070593","72 Salmon Brook Drive, Glastonbury, CT, ","Match","Exact","72 SALMON BROOK DR, GLASTONBURY, CT, 06033","-72.60441110226,41.716479196769","635489215","L","09","003","520302","2021"
"28-RC-246274","2701 Simmons Street, North Las Vegas, NV, ","Match","Exact","2701 SIMMONS ST, NORTH LAS VEGAS, NV, 89032","-115.179167035715,36.208847737625","201947728","L","32","003","003616","1003"
"34-RC-002427","320 Avon Street, Stratford, CT, ","Match","Exact","320 AVON ST, STRATFORD, CT, 06615","-73.145545889067,41.182360151111","3269798","R","09","001","080400","1012"
"29-RC-012029","720 Northern Boulevard, Brookville, NY, ","No_Match"
"29-RC-012025","90 13Th Avenue, Ronkonkoma, NY, ","Match","Exact","90 13TH AVE, RONKONKOMA, NY, 11779","-73.145463788172,40.795119188417","113992543","L","36","103","146618","1005"
"28-RC-302063","4811 West Lower Buckeye Road, Phoenix, AZ, 85043","Match","Exact","4811 W LOWER BUCKEYE RD, PHOENIX, AZ, 85043","-112.156757861011,33.422394054188","648234957","L","04","013","112514","1016"
"29-RC-012026","651 Broadway, Staten Island, NY, ","Match","Exact","651 BROADWAY, STATEN ISLAND, NY, 10310","-74.114050913397,40.624670893408","59883039","L","36","085","012100","2006"
"29-RC-012028","16-44 Dekalb Avenue, Brooklyn, NY, ","Tie"
"29-RC-012021","245-37 60Th Avenue, Douglaston, NY, ","Match","Exact","245-37 60TH AVE, DOUGLASTON, NY, 11362","-73.732442152291,40.75707996993","59704282","L","36","081","152901","3001"
"29-RC-012022","16-44 Dekalb Ave., Brooklyn, NY, ","Tie"
"29-RC-337743","125 North 6Th Street And 141 Berry Street, Brooklyn, NY, ","Match","Non_Exact","N 6TH ST & BERRY ST, BROOKLYN, NY, 11249","-73.959604566029,40.718079740941","","","36","047","055300","3001"
"29-RC-129661","240 Mckinley Avenue, Brooklyn, NY, ","Match","Exact","240 MCKINLEY AVE, BROOKLYN, NY, 11208","-73.867108441257,40.680427180521","59095187","R","36","047","118800","2001"
"29-RC-243229","110 50Th Street, Brooklyn, NY, ","Match","Exact","110 50TH ST, BROOKLYN, NY, 11232","-74.018909194739,40.650209528965","59094303","R","36","047","001803","1010"
"31-RC-098458","11591 Etiwanda Avenue, Fontana, CA, ","Match","Non_Exact","11591 S ETIWANDA AVE, FONTANA, CA, 92337","-117.524222787871,34.044554637375","144735282","L","06","071","002204","1055"
"31-RC-099786","14000 Monte Vista Avenue, Chino, CA, 91708","Match","Non_Exact","14000 MONTE VISTA AVE, CHINO, CA, 91710","-117.697814313112,33.999061268081","654205660","R","06","071","000504","3020"
"29-RC-093498","1000 New Horizons Blvd., North Amityville, NY, ","No_Match"
"28-RC-264953","14165 S. Ave, Yuma, AZ, ","No_Match"
"32-RC-217589","1145 Harbour Way South, Richmond, CA, 94804","Match","Exact","1145 HARBOUR WAY S, RICHMOND, CA, 94804","-122.360162404815,37.917342327807","192040544","R","06","013","380002","1017"
"29-RC-076915","36-36 33Th Street, Long Island City, NY, ","Match","Exact","36-36 33RD ST, LONG ISLAND CITY, NY, 11106","-73.928738174292,40.755223593625","59696794","R","36","081","005500","1000"
"32-RC-244745","1727 Martin Luther King Jr. Way, Oakland, CA, ","Match","Exact","1727 MARTIN LUTHER KING JR WAY, OAKLAND, CA, 94612","-122.274759855596,37.808303242192","124996995","L","06","001","402700","1011"
"34-RC-090190","1349 Dixwell Avenue, Hamden, CT, ","Match","Exact","1349 DIXWELL AVE, HAMDEN, CT, 06514","-72.931832841792,41.350085017697","3699345","R","09","009","165600","3005"
"32-RC-275467","10700 Macarthur Blvd, Oakland, CA, 94605","No_Match"
"34-RC-092375","797 N. Queens Ave, Lindenhurst, NY, 11757","No_Match"
"32-RC-333791","29000 Hesperian Blvd., Hayward, CA, ","Match","Exact","29000 HESPERIAN BLVD, HAYWARD, CA, 94545","-122.086307842097,37.614244195079","650205958","L","06","001","438400","2016"
"29-RC-242361","146-28 Jasmine Avenue, Flushing, NY, ","No_Match"
"32-RC-266518","700 National Court, Richmond, CA, 94804","Match","Exact","700 NATIONAL CT, RICHMOND, CA, 94804","-122.376353411645,37.928320335731","607812945","R","06","013","378000","2001"
"29-RC-337750","11-11 44Th Drive, Queens, NY, 11101","Match","Non_Exact","11-11 44TH DR, LONG ISLAND CITY, NY, 11101","-73.949319100458,40.748543922069","59691905","L","36","081","001903","1025"
"32-RC-262159","1 Sconza Candy Lane, Oakdale, CA, ","No_Match"
"29-RC-201813","670 Parkside Avenue, Brooklyn, NY, ","Match","Exact","670 PARKSIDE AVE, BROOKLYN, NY, 11226","-73.95111975272,40.656141408644","59079612","R","36","047","082000","1000"
"29-RC-097847","13 2-35 Sanford Avenue, Flushing, NY, ","No_Match"
"32-RC-199957","33321 Dowe Avenue, Union City, CA, ","No_Match"
"29-RC-336424","148 39Th Street, Brooklyn, NY, ","Match","Exact","148 39TH ST, BROOKLYN, NY, 11232","-74.011684179616,40.655920933858","59093567","R","36","047","001802","1011"
"28-RC-259125","3602 W. Elwood, Phoenix, AZ, 85009","Match","Non_Exact","3602 W ELWOOD ST, PHOENIX, AZ, 85009","-112.134637118378,33.418739173111","128392660","L","04","013","112514","1014"
"32-RC-136366","610 Aladdin Avenue, San Leandro, CA, ","Match","Exact","610 ALADDIN AVE, SAN LEANDRO, CA, 94577","-122.150975835341,37.71058249286","635916744","L","06","001","433200","4001"
"31-RC-272610","21515 Hawthorne Boulevard, Torrance, CA, 90503","Match","Exact","21515 HAWTHORNE BLVD, TORRANCE, CA, 90503","-118.353094540178,33.833574095827","241196685","L","06","037","650701","2015"
"29-RC-209762","941 Carmans Road, Massapequa, NY, 11758","Match","Exact","941 CARMANS RD, MASSAPEQUA, NY, 11758","-73.432832514361,40.697036815416","147652779","R","36","059","522000","1010"
"32-RC-105664","4199 Gibraltar Court, Stockton, CA, ","Match","Non_Exact","4199 GIBRALTER CT, STOCKTON, CA, 95206","-121.265745213295,37.907548356809","133853170","L","06","077","002800","2024"
"34-RC-002443","359 Burnham Street, East Hartford, CT, ","Match","Exact","359 BURNHAM ST, EAST HARTFORD, CT, 06108","-72.609196330608,41.799395511823","3524343","R","09","003","511400","2002"
"34-RC-002444","479 Hope Street, Stamford, CT, ","Match","Exact","479 HOPE ST, STAMFORD, CT, 06906","-73.522679109631,41.075878521771","658268194","R","09","001","021100","3001"
"29-RC-334211","105 Wilbur Place, Bohemia, NY, ","Match","Exact","105 WILBUR PL, BOHEMIA, NY, 11716","-73.104769416473,40.778185706342","114006260","L","36","103","146607","2009"
"29-RC-012049","405 Remsen Avenue, Brooklyn, NY, ","Match","Exact","405 REMSEN AVE, BROOKLYN, NY, 11212","-73.922879257986,40.655502436742","59099694","L","36","047","088600","3007"
"34-RC-002440","515 Boston Post Road, Orange, CT, ","No_Match"
"34-RC-002441","112 Mansfield Ave., Windham, CT, ","No_Match"
"31-RC-170632","17051 Sierra Lakes Parkway, Fontana, CA, 92336","No_Match"
"29-RC-115007","393 Jericho Turnpike, Mineola, NY, ","No_Match"
"32-RC-286112","5099 Commercial Circle, Alameda, CA, 94501","No_Match"
"34-RC-002439","410 Sheldon Street, Hartford, CT, ","Match","Exact","410 SHELDON ST, HARTFORD, CT, 06106","-72.66767260678,41.760034347308","640276737","L","09","003","502100","1027"
"34-RC-002435","34 Wildwood Ave, Madison, CT, ","Match","Exact","34 WILDWOOD AVE, MADISON, CT, 06443","-72.638260831227,41.287113182122","606595384","R","09","009","194201","4018"
"34-RC-002438","428 Tolland Turnpike, Manchester, CT, ","Match","Exact","428 TOLLAND TPKE, MANCHESTER, CT, 06042","-72.526459789476,41.807814992324","658291620","L","09","003","514200","1004"
"32-RC-179906","1555 Soquel Drive, Santa Cruz, CA, ","Match","Exact","1555 SOQUEL DR, SANTA CRUZ, CA, 95065","-121.984356829024,36.988232879582","606001915","L","06","087","121300","1003"
"29-RC-012058","500 West Sunrise Highway, Valley Stream, NY, ","Match","Exact","500 W SUNRISE HWY, VALLEY STREAM, NY, 11581","-73.725555165585,40.665641164566","147656588","R","36","059","410400","2007"
"32-RC-295074","4311 Town Center Blvd., El Dorado Hills, CA, 95762","Match","Exact","4311 TOWN CENTER BLVD, EL DORADO HILLS, CA, 95762","-121.07172199507,38.648898179994","618395642","R","06","017","030711","1008"
"29-RC-012055","217 East 127Th Street, New York, NY, ","Match","Exact","217 E 127TH ST, NEW YORK, NY, 10035","-73.934430552417,40.804872782203","59658113","L","36","061","024200","3004"
"28-RC-330512","11199 Montgomery Blvd N, Albuquerque, NM, ","Match","Non_Exact","11199 MONTGOMERY BLVD NE, ALBUQUERQUE, NM, 87111","-106.515752277738,35.130715269888","206715192","L","35","001","003719","1006"
"29-RC-012056","2795 Richmond Avenue, Staten Island, NY, ","Match","Exact","2795 RICHMOND AVE, STATEN ISLAND, NY, 10314","-74.169566590099,40.577794844776","59871838","L","36","085","027702","2013"
"29-RC-255692","150 Hale Avenue, Brooklyn, NY, ","Match","Exact","150 HALE AVE, BROOKLYN, NY, 11208","-73.880347115953,40.681579201218","59085441","R","36","047","117400","2001"
"31-RC-165282","105 13Th Street, Vandenberg Afb, CA, ","No_Match"
"29-RC-012051","1580 Stillwell Avenue, Bronx, NY, ","Match","Exact","1580 STILLWELL AVE, BRONX, NY, 10461","-73.841704617421,40.854658705472","80305658","R","36","005","029600","1015"
"32-RC-091481","1333 8Th Street, Oakland, CA, ","Match","Exact","1333 8TH ST, OAKLAND, CA, 94607","-122.290492567838,37.805383174042","125052221","L","06","001","410500","1008"
"29-RC-012053","127-20 Rockaway Boulevard, South Ozone Park, NY, ","Match","Exact","127-20 ROCKAWAY BLVD, SOUTH OZONE PARK, NY, 11420","-73.810537712022,40.675115466996","59713941","R","36","081","084000","1000"
"28-RC-217751","4450 E. Washington St., Phoenix, AZ, ","Match","Exact","4450 E WASHINGTON ST, PHOENIX, AZ, 85034","-111.985692781687,33.448290580914","646515745","R","04","013","113800","4021"
"29-RC-109610","60 E. Main St., Kings Park, NY, ","Match","Exact","60 E MAIN ST, KINGS PARK, NY, 11754","-73.25154806471,40.884102888004","657033550","R","36","103","134906","1002"
"31-RC-289037","2301 W. 120Th Street, Hawthorne, CA, 90250","Match","Exact","2301 W 120TH ST, HAWTHORNE, CA, 90250","-118.320588879627,33.923770458227","641502034","R","06","037","602700","1020"
"31-RC-064237","4320 Ride Street, Bakersfield, CA, ","Match","Exact","4320 RIDE ST, BAKERSFIELD, CA, 93313","-119.090123306872,35.315891109358","109139765","L","06","029","003131","2002"
"32-RC-276768","300 Pasteur Dr., Palo Alto, CA, ","Match","Exact","300 PASTEUR DR, PALO ALTO, CA, 94304","-122.17648182755,37.433392211925","618159437","L","06","085","511609","1025"
"29-RC-139032","233-41 38Th Drive, Maspeth, NY, ","No_Match"
"29-RC-234306","2720 Surf Avenue, Brooklyn, NY, ","Match","Exact","2720 SURF AVE, BROOKLYN, NY, 11224","-73.993015061842,40.573095641051","59089215","L","36","047","034000","2001"
"29-RC-119421","692 Mcdonald Avenue., Brooklyn, NY, ","Match","Exact","692 MCDONALD AVE, BROOKLYN, NY, 11218","-73.978501039591,40.637093462163","654741491","R","36","047","048600","3002"
"32-RC-304809","1742 Fremont Blvd. S, Easide, CA, ","Match","Non_Exact","1742 FREMONT BLVD, SEASIDE, CA, 93955","-121.843589184515,36.612917760999","196868522","R","06","053","013700","1004"
"32-RC-195168","1001 Broadway, Oakland, CA, ","Match","Exact","1001 BROADWAY, OAKLAND, CA, 94607","-122.273045690703,37.801675342949","124997181","L","06","001","403100","1010"
"29-RC-184003","937 Fulton Street, Brooklyn, NY, ","Match","Exact","937 FULTON ST, BROOKLYN, NY, 11238","-73.965600569568,40.683272481846","59077992","L","36","047","019900","2000"
"29-RC-248957","41-54 22Nd Street, Long Island City, NY, 11101","Match","Exact","41-54 22ND ST, LONG ISLAND CITY, NY, 11101","-73.94218814736,40.752712828722","59696395","R","36","081","003301","1010"
"29-RC-277030","29 Pinewood Drive, Commack, NY, ","Match","Exact","29 PINEWOOD DR, COMMACK, NY, 11725","-73.279845937592,40.809433474505","113982207","R","36","103","135205","2008"
"32-RC-137675","1428 West Linwood Avenue, In Turlock, CA, ","Match","Non_Exact","1428 W LINWOOD AVE, TURLOCK, CA, 95380","-120.864820089581,37.478115673454","102631583","R","06","099","003700","1015"
"31-RC-353872","9049 W. Olympic Blvd., Beverly Hills, CA, 90211","Match","Exact","9049 W OLYMPIC BLVD, BEVERLY HILLS, CA, 90211","-118.388906789723,34.059424545987","142719199","R","06","037","700901","3010"
"28-RC-294327","802-804 East University Boulevard, Tucson, AZ, ","Match","Non_Exact","804 E UNIVERSITY BLVD, TUCSON, AZ, 85719","-110.95934756411,32.231610702861","121170566","R","04","019","000501","2007"
"32-RC-241675","455 High Street, In Oakland, CA, ","Match","Non_Exact","455 HIGH, OAKLAND, CA, 94601","-122.223268674106,37.766118866176","606157035","L","06","001","406100","2020"
"31-RC-154176","9353 Fairway View Place, Rancho Cucamonga, CA, 91730","Match","Exact","9353 FAIRWAY VIEW PL, RANCHO CUCAMONGA, CA, 91730","-117.559968008085,34.083620419188","653216409","L","06","071","002112","2042"
"32-RC-344031","1428 W. Linwood Ave., Turlock, CA, 94550","Match","Non_Exact","1428 W LINWOOD AVE, TURLOCK, CA, 95380","-120.864820089581,37.478115673454","102631583","R","06","099","003700","1015"
"32-RC-315940","10810 Ave 184, Tulare, CA, 93274","Match","Exact","10810 AVE 184, TULARE, CA, 93274","-119.32905136289,36.123663319484","202769650","R","06","107","003100","2057"
"32-RC-173388","2440 W. 14Th Street, In Oakland, CA, ","Match","Non_Exact","2440 14TH ST, OAKLAND, CA, 94607","-122.304515489233,37.814971464152","125054232","R","06","001","401700","3043"
"32-RC-209538","1800 And 1802 N. California Street, Stockton, CA, ","Tie"
"29-RC-243255","180 Myrtle Avenue, Brooklyn, NY, 11201","Match","Exact","180 MYRTLE AVE, BROOKLYN, NY, 11201","-73.980731578143,40.693492949203","651796952","L","36","047","003101","1001"
"32-RC-266955","931 Remillard Court, In San Jose, CA, ","Match","Non_Exact","931 REMILLARD CT, SAN JOSE, CA, 95122","-121.862469837128,37.328216435268","122909186","L","06","085","503105","1000"
"28-RC-310902","3000 S. Las Vegas Blvd, Las Vegas, NV, ","Match","Non_Exact","3000 LAS VEGAS BLVD S, LAS VEGAS, NV, 89109","-115.163792046457,36.133960579383","201869823","R","32","003","002302","1004"
"32-RC-139861","5900 N. Golden State Blvd., In Turlock, CA, ","Match","Non_Exact","5900 N GOLDEN STATE BLVD, TURLOCK, CA, 95382","-120.899322540085,37.544104114055","102593960","L","06","099","003603","3006"
"31-RC-111961","1805 Medical Center Drive, San Bernardino, CA, 92411","Match","Non_Exact","1805 N MEDICAL CENTER DR, SAN BERNARDINO, CA, 92411","-117.322504081604,34.131286515667","144652309","R","06","071","004202","3013"
"31-RC-339105","5100 E Jurupa St, Ontario, CA, 91761","Match","Exact","5100 E JURUPA ST, ONTARIO, CA, 91761","-117.539584529655,34.048063735853","647990444","R","06","071","012700","1027"
"31-RC-290483","1605 W. Olympic Blvd., Los Angeles, CA, 90015","Match","Exact","1605 W OLYMPIC BLVD, LOS ANGELES, CA, 90015","-118.274298102675,34.049311263494","142453044","R","06","037","209520","1003"
"31-RC-269402","660 West Avenue, Lancaster, CA, 93534","No_Match"
"31-RC-100837","2825 E. Avenue, Palmdale, CA, 93350","Match","Non_Exact","2825 E AVE S, PALMDALE, CA, 93550","-118.078999202203,34.558155723934","640419981","L","06","037","910608","2015"
"29-RC-082307","4401 2Nd Avenue, Brooklyn, NY, ","Match","Exact","4401 2ND AVE, BROOKLYN, NY, 11232","-74.01341695912,40.652371248636","59094384","L","36","047","000200","1013"
"32-RC-123491","1655 Franklin Way, Sparks, NV, ","Match","Exact","1655 FRANKLIN WAY, SPARKS, NV, 89431","-119.719940763796,39.519601908205","107109611","R","32","031","003111","2075"
"32-RC-073622","1420 North Tracy Boulevard, Tracy, CA, ","Match","Exact","1420 N TRACY BLVD, TRACY, CA, 95376","-121.43486652262,37.74366918094","133914947","L","06","077","005303","3008"
"32-RC-311115","725 Welch Road, Palo Alto, CA, 94304","Match","Exact","725 WELCH RD, PALO ALTO, CA, 94304","-122.174455873369,37.437200027352","618202442","L","06","085","511609","1025"
"28-RC-285421","1500 East Yandell Drive, El Paso, TX, ","Match","Exact","1500 E YANDELL DR, EL PASO, TX, 79902","-106.478076819032,31.771423889619","189341384","R","48","141","002202","5011"
"31-RC-144856","24700 Mcbean Parkway, Valencia, CA, 91355","No_Match"
"31-RC-324069","105 13Th Street, Vsfb, CA, ","No_Match"
"32-RC-239366","4199 Gibraltar Court, Stockton, CA, ","Match","Non_Exact","4199 GIBRALTER CT, STOCKTON, CA, 95206","-121.265745213295,37.907548356809","133853170","L","06","077","002800","2024"
"29-RC-012007","305 Garfield Place, Located In Brooklyn, NY, ","Match","Non_Exact","305 GARFIELD PL, BROOKLYN, NY, 11215","-73.973994919042,40.670902185978","59078243","L","36","047","016500","2001"
"29-RC-012008","590 Flatbush Avenue, Brooklyn, NY, ","Match","Exact","590 FLATBUSH AVE, BROOKLYN, NY, 11225","-73.960612622222,40.659092704505","611300058","R","36","047","079802","2001"
"31-RC-315146","10557 Juniper Ave., Fontana, CA, 92337","Match","Exact","10557 JUNIPER AVE, FONTANA, CA, 92337","-117.439906131264,34.062128049377","653170222","L","06","071","002609","1007"
"29-RC-012009","58-35 47Th Street, Maspeth, NY, ","Match","Exact","58-35 47TH ST, MASPETH, NY, 11378","-73.922518090349,40.71898827425","59737691","L","36","081","021900","1014"
"28-RC-313148","773 N. Mcqueen Road, Gilbert, AZ, ","Match","Exact","773 N MCQUEEN RD, GILBERT, AZ, 85233","-111.824352682456,33.36372381922","128786230","R","04","013","422309","3003"
"29-RC-012003","557 3Rd Avenue, Brooklyn, NY, ","Match","Exact","557 3RD AVE, BROOKLYN, NY, 11215","-73.993929813808,40.667868464679","59075618","L","36","047","011700","2002"
"29-RC-012004","1650 Eastern Parkway, Brooklyn, NY, 11230","Match","Non_Exact","1650 EASTERN PKWY, BROOKLYN, NY, 11233","-73.913751528991,40.671966686409","59083771","R","36","047","036300","1005"
"31-RC-319989","301 N. Prairie Ave., Inglewood, CA, 90301","Match","Non_Exact","301 S PRAIRIE AVE, INGLEWOOD, CA, 90301","-118.343995382617,33.960654864071","141655324","R","06","037","601002","3001"
"29-RC-012006","500 4Th Avenue, Brooklyn, NY, ","Match","Exact","500 4TH AVE, BROOKLYN, NY, 11215","-73.99033130358,40.668526038995","59075641","R","36","047","011700","1002"
"29-RC-355119","3601 Horseblock Road, Medford, NY, ","Match","Non_Exact","3601 HORSEBLOCK RD N, MEDFORD, NY, 11763","-72.966154871208,40.818697306219","114062606","L","36","103","159108","1003"
"29-RC-012000","170 Express Street, Plainview, NY, ","Match","Exact","170 EXPRESS ST, PLAINVIEW, NY, 11803","-73.462539026761,40.788536005733","638078282","L","36","059","519702","2006"
"32-RC-091053","2950 Collier Canyon Road, Livermore, CA, ","Match","Exact","2950 COLLIER CANYON RD, LIVERMORE, CA, 94551","-121.805147702831,37.707261930391","125079465","L","06","001","450752","1034"
"29-RC-012002","500 4Th Avenue, Brooklyn, NY, ","Match","Exact","500 4TH AVE, BROOKLYN, NY, 11215","-73.99033130358,40.668526038995","59075641","R","36","047","011700","1002"
"31-RC-299294","1711 N. Victory Place, Burbank, CA, 91502","Match","Exact","1711 N VICTORY PL, BURBANK, CA, 91502","-118.328804525709,34.191602852135","142726712","L","06","037","310501","1028"
"28-RC-324270","815 E. Pilot Road, Las Vegas, NV, ","Match","Non_Exact","815 PILOT RD, LAS VEGAS, NV, 89119","-115.146289691178,36.06403937781","201954116","R","32","003","002847","1034"
"29-RC-225857","18-02 Petracca Pl., College Point, NY, ","No_Match"
"32-RC-266500","2100 Parkside Drive, Fremont, CA, ","Match","Exact","2100 PARKSIDE DR, FREMONT, CA, 94536","-121.980393915763,37.558614628225","652697383","L","06","001","441923","2001"
"28-RC-155498","100 Hayden Ave., Hayden, AZ, 85135","No_Match"
"29-RC-070796","598 Broadhollow Road, Melville, NY, ","No_Match"
"31-RC-141336","14645 Merrill Avenue, Fontana, CA, ","Match","Exact","14645 MERRILL AVE, FONTANA, CA, 92335","-117.485361568191,34.091919800978","144969822","R","06","071","002403","2002"
"32-RC-348851","560 Lincoln Ave, San Jose, CA, 95126","Match","Exact","560 LINCOLN AVE, SAN JOSE, CA, 95126","-121.908138331911,37.318373435843","122905762","L","06","085","501902","1001"
"28-RC-301189","12 Months Preceding November 20, Las Vegas, NV, ","No_Match"
"28-RC-241876","4700 Las Vegas Blvd North, Nellis Afb, NV, ","Match","Exact","4700 LAS VEGAS BLVD N, NELLIS AFB, NV, 89191","-115.051588893431,36.242219660082","658297320","L","32","003","006001","5001"
"29-RC-301772","2400 Hempstead Turnpike, Elmont, NY, ","No_Match"
"32-RC-241218","300 Frank H. Ogawa Pl, Oakland, CA, ","No_Match"
"32-RC-314639","5727 College Avenue, Oakland, CA, 94618","Match","Exact","5727 COLLEGE AVE, OAKLAND, CA, 94618","-122.252009901083,37.845465798879","618784767","L","06","001","400200","2008"
"31-RC-163901","0027 At 11000 Wilshire Blvd., Los Angeles, CA, ","Match","Non_Exact","11000 WILSHIRE BLVD, LOS ANGELES, CA, 90036","-118.447768438505,34.057655684654","241239404","L","06","037","980017","1004"
"29-RC-248960","220 North 10Th Street, Brooklyn, NY, ","Match","Exact","220 N 10TH ST, BROOKLYN, NY, 11211","-73.953885058859,40.718137632948","59076463","R","36","047","051900","1004"
"29-RC-012019","3 Hoover Street, Inwood, NY, ","Match","Exact","3 HOOVER ST, INWOOD, NY, 11096","-73.745518682221,40.622452929052","147657054","R","36","059","411000","3005"
"32-RC-331191","3680 South K Street, Tulare, CA, 93274","Match","Exact","3680 S K ST, TULARE, CA, 93274","-119.337919304343,36.17390003569","202801894","L","06","107","003100","2017"
"29-RC-243272","2915 W. 5Th Street, Brooklyn, NY, ","Match","Exact","2915 W 5TH ST, BROOKLYN, NY, 11224","-73.97225586811,40.578216862929","650065425","L","36","047","035602","1000"
"29-RC-012014","3114 Church Avenue, Located In Brooklyn, NY, ","Match","Non_Exact","3114 CHURCH AVE, BROOKLYN, NY, 11226","-73.948401662986,40.650808746404","59081501","R","36","047","082400","1002"
"29-RC-012016","53-11 105Th Street, Queens, NY, ","No_Match"
"29-RC-012010","248 Flushing Avenue, Brooklyn, NY, ","Match","Exact","248 FLUSHING AVE, BROOKLYN, NY, 11205","-73.966669788402,40.697607709799","59077784","R","36","047","021100","3003"
"29-RC-012011","353 Beach 57Th Street, Arverne, NY, 11692","Match","Exact","353 BEACH 57TH ST, ARVERNE, NY, 11692","-73.78722529627,40.593757192998","59722797","L","36","081","097204","3001"
"29-RC-012013","248 Flushing Avenue, Brooklyn, NY, ","Match","Exact","248 FLUSHING AVE, BROOKLYN, NY, 11205","-73.966669788402,40.697607709799","59077784","R","36","047","021100","3003"
"32-RC-116744","2050 Villanova Drive, Reno, NV, ","Match","Exact","2050 VILLANOVA DR, RENO, NV, 89502","-119.780509482654,39.509383993258","107108789","R","32","031","002107","2011"
"31-RC-320083","1031 West 34Th Street, Los Angeles, CA, 90089","Match","Exact","1031 W 34TH ST, LOS ANGELES, CA, 90089","-118.287787650957,34.024463278021","142449389","R","06","037","222700","1004"
"29-RC-261048","200 Belle Terre Road, Port Jefferson, NY, ","Match","Exact","200 BELLE TERRE RD, PORT JEFFERSON, NY, 11777","-73.060346758282,40.947732886562","114236879","R","36","103","158206","2009"
"31-RC-179024","11633 Hawthorne Blvd., Hawthorne, CA, 90250","Match","Exact","11633 HAWTHORNE BLVD, HAWTHORNE, CA, 90250","-118.352801857351,33.928805469353","241127563","L","06","037","602103","1007"
"29-RC-141702","555 7Th Ave., Brooklyn, NY, ","Tie"
"29-RC-176810","11020 Flatlands Ave And 1095 East 45Th Street, In Brooklyn, NY, ","Match","Non_Exact","FLATLANDS AVE & E 45TH ST, BROOKLYN, NY, 11234","-73.932195080522,40.623264758587","","","36","047","065000","2000"
"29-RC-256934","141 Hinsdale Street, Brooklyn, NY, ","Match","Exact","141 HINSDALE ST, BROOKLYN, NY, 11207","-73.900621040357,40.671954100822","59084558","L","36","047","114400","1015"
"32-RC-162279","1418 Mariani Court, Tracy, CA, ","Match","Exact","1418 MARIANI CT, TRACY, CA, 95376","-121.413247725444,37.74369230946","133916278","L","06","077","005214","2007"
"28-RC-262364","4700 Las Vegas Blvd N, Las Vegas, NV, ","Match","Exact","4700 LAS VEGAS BLVD N, LAS VEGAS, NV, 89191","-115.051588893431,36.242219660082","658297320","L","32","003","006001","5001"
"29-RC-278725","1000 Blake Ave, Brooklyn, NY, 11208","Match","Exact","1000 BLAKE AVE, BROOKLYN, NY, 11208","-73.881454413755,40.66975856547","59085568","R","36","047","116400","3002"
"29-RC-164831","1620 Stillwell Ave., Brooklyn, NY, 11223","Match","Exact","1620 STILLWELL AVE, BROOKLYN, NY, 11223","-73.98723003331,40.606711843405","652211411","R","36","047","042800","3006"
"32-RC-298197","1555 Soquel Drive, Santa Cruz, CA, ","Match","Exact","1555 SOQUEL DR, SANTA CRUZ, CA, 95065","-121.984356829024,36.988232879582","606001915","L","06","087","121300","1003"
"29-RC-162654","475 Seaview Avenue, Staten Island, NY, ","Match","Exact","475 SEAVIEW AVE, STATEN ISLAND, NY, 10305","-74.08643578576,40.583752169868","59887462","L","36","085","007002","3003"
"29-RC-183113","50 Sheffield Avenue, Brooklyn, NY, 11207","Match","Exact","50 SHEFFIELD AVE, BROOKLYN, NY, 11207","-73.898073249362,40.676266904661","59084640","R","36","047","119800","1005"
"31-RC-264179","4575 West Main Street, Guadalupe, CA, 93434","Match","Exact","4575 W MAIN ST, GUADALUPE, CA, 93434","-120.57823551466,34.957636482413","108613695","R","06","083","002504","3018"
"32-RC-156835","933 Eloise Ave, South Lake Tahoe, CA, ","Match","Exact","933 ELOISE AVE, SOUTH LAKE TAHOE, CA, 96150","-120.006265343635,38.917092957206","133015166","R","06","017","030404","3009"
"31-RC-181341","105 13Th Street, Vandenberg Afb, CA, ","No_Match"
"31-RC-149284","1910 Ocean Way, Santa Monica, CA, ","Match","Non_Exact","1910 OCEAN AVE, SANTA MONICA, CA, 90405","-118.490602012216,34.006134011544","141559592","R","06","037","702002","1006"
"32-RC-293756","5849 W. Schulte Rd., Tracy, CA, 95304","Match","Non_Exact","5849 W SCHULTE RD, TRACY, CA, 95377","-121.503699115501,37.721776373475","650025485","R","06","077","005213","2020"
"29-RC-084939","1913 Cornaga Avenue, Far Rockaway, NY, ","Match","Exact","19-13 CORNAGA AVE, FAR ROCKAWAY, NY, 11691","-73.752265653223,40.602235971886","59723276","L","36","081","101003","3000"
"29-RC-340522","178 Main Street And 31 Kellum Place, Hempstead, NY, ","Match","Non_Exact","MAIN ST & KELLUM PL, HEMPSTEAD, NY, 11550","-73.627180672823,40.713768730223","","","36","059","406801","1008"
"29-RC-172466","4802 Tenth Avenue, Brooklyn, NY, ","Tie"
"29-RC-305752","34-33 90Th Street, Jackson Heights, NY, ","Match","Exact","34-33 90TH ST, JACKSON HEIGHTS, NY, 11372","-73.877403483131,40.753865025042","59698358","L","36","081","027702","3000"
"29-RC-287684","4802 10Th Ave., Brooklyn, NY, ","Tie"
"32-RC-255463","2050 Fairmont Drive, San Leandro, CA, ","Match","Exact","2050 FAIRMONT DR, SAN LEANDRO, CA, 94578","-122.121211320053,37.710341761268","637752879","R","06","001","430500","1001"
"29-RC-194233","902 Quentin Road, Brooklyn, NY, ","Match","Exact","902 QUENTIN RD, BROOKLYN, NY, 11223","-73.963792004402,40.607584743625","59089889","R","36","047","042000","2006"
"31-RC-311590","335 West 35Th Street, Los Angeles, CA, 90033","Match","Non_Exact","335 W 35TH ST, LOS ANGELES, CA, 90007","-118.277563922894,34.018958488762","141608009","R","06","037","231100","2001"
"28-RC-172425","2400 Rio Grande Blvd. N, Albuquerque, NM, ","Match","Non_Exact","2400 RIO GRANDE BLVD NW, ALBUQUERQUE, NM, 87104","-106.675454502961,35.117998910987","206705472","R","35","001","003001","4005"
"32-RC-092758","2105 Forest Avenue, In San Jose, CA, ","Match","Non_Exact","2105 FOREST AVE, SAN JOSE, CA, 95128","-121.937184461366,37.32711135436","122902976","R","06","085","500500","5013"
"28-RC-313135","3046 North Maple Street, Mesa, AZ, 85215","Match","Non_Exact","3046 N MAPLE, MESA, AZ, 85215","-111.745567269276,33.471499606774","128838066","R","04","013","420304","1003"
"29-RC-253896","58 Kent Street, Brooklyn, NY, ","Match","Exact","58 KENT ST, BROOKLYN, NY, 11222","-73.958920605121,40.730419559321","59076253","R","36","047","056500","1002"
"31-RC-093617","1526 North Edgemont Street And 4867 Sunset Blvd., Los Angeles, CA, ","Match","Non_Exact","N EDGEMONT ST & SUNSET BLVD, LOS ANGELES, CA, 90027","-118.296122800252,34.09814214191","","","06","037","191201","1005"
"29-RC-274370","60 Baylis Road, Melville, NY, ","Match","Exact","60 BAYLIS RD, MELVILLE, NY, 11747","-73.417326767092,40.770814550406","113963546","R","36","103","112215","1012"
"32-RC-222531","3570 Airline Highway, Hollister, CA, ","Match","Exact","3570 AIRLINE HWY, HOLLISTER, CA, 95023","-121.367522513046,36.817405675241","125463638","L","06","069","000801","1001"
"29-RC-091222","9731 Sutphin Boulevard, Jamaica, NY, ","Match","Exact","9731 SUTPHIN BLVD, JAMAICA, NY, 11435","-73.805113140363,40.696678885337","59713272","L","36","081","020800","2016"
"32-RC-301356","5101 Great America Parkway, Santa Clara, CA, 95054","No_Match"
"29-RC-264575","500 25Th Avenue, Brooklyn, NY, ","Match","Non_Exact","500 25TH ST, BROOKLYN, NY, 11232","-73.996386260895,40.659419559002","59075523","R","36","047","010100","1001"
"31-RC-291773","17695 Industrial Farm Rd., Bakersfield, CA, 93308","Match","Exact","17695 INDUSTRIAL FARM RD, BAKERSFIELD, CA, 93308","-119.108717204163,35.508295591156","637732738","L","06","029","003900","2126"
"31-RC-235629","990 Inner Loop, Fort Irwin, CA, 92310","No_Match"
"32-RC-343199","1521 Airport Blvd., San Jose, CA, 95110","Match","Exact","1521 AIRPORT BLVD, SAN JOSE, CA, 95110","-121.920179080265,37.363476386989","640873125","L","06","085","505100","2022"
"29-RC-261064","200 Belle Terre Road, Port Jefferson, NY, ","Match","Exact","200 BELLE TERRE RD, PORT JEFFERSON, NY, 11777","-73.060346758282,40.947732886562","114236879","R","36","103","158206","2009"
"29-RC-158122","186 Joralemon Street, Brooklyn, NY, ","Match","Exact","186 JORALEMON ST, BROOKLYN, NY, 11201","-73.99160201523,40.692576111376","59075014","R","36","047","000900","1003"
"31-RC-207112","6601 White Feather Road, Joshua Tree, CA, ","Match","Exact","6601 WHITE FEATHER RD, JOSHUA TREE, CA, 92252","-116.276620425397,34.133715727961","637808166","R","06","071","010419","1008"
"29-RC-080573","7 Brooklyn Port Authority Marine Ter, Brooklyn, NY, ","No_Match"
"29-RC-339509","425 E. Patchogue Yaphank Road, Yaphank, NY, ","No_Match"
"28-RC-253872","3400 S. Las Vegas Blvd, Las Vegas, NV, 89109","Match","Exact","3400 S LAS VEGAS BLVD, LAS VEGAS, NV, 89109","-115.17084343887,36.123298954903","641535313","R","32","003","006700","1001"
"32-RC-349736","85 Delancy 2Nd Floor, Bay Point, CA, ","No_Match"
"32-RC-199903","1930 Loveridge Road, Pittsburg, CA, ","Match","Exact","1930 LOVERIDGE RD, PITTSBURG, CA, 94565","-121.869261251361,38.010895060197","635927478","R","06","013","313105","3003"
"32-RC-222999","4525 West Tulare Avenue, Visalia, CA, ","Match","Exact","4525 W TULARE AVE, VISALIA, CA, 93277","-119.341369783046,36.319983330605","639032768","L","06","107","002009","2001"
"29-RC-127872","120 Bethpage Road S, K And 1373 Veterans Memorial Highway Suite 42 Hauppauge, NY, ","No_Match"
"29-RC-324035","240 Engineer Drive, Hicksville, NY, 11801","Match","Non_Exact","240 ENGINEERS DR, HICKSVILLE, NY, 11801","-73.501777602087,40.744977424077","637930895","L","36","059","520001","1041"
"32-RC-064286","34650 7Th Street, Union City, CA, ","Match","Exact","34650 7TH ST, UNION CITY, CA, 94587","-122.012659680595,37.595760193769","125026108","L","06","001","440337","1011"
"29-RC-147468","36-56 34Th Street, Long Island City, NY, ","Match","Exact","36-56 34TH ST, LONG ISLAND CITY, NY, 11106","-73.928229573454,40.75448570359","59696797","R","36","081","005500","1001"
"29-RC-173327","1458 Bedford Ave, Brooklyn, NY, ","Match","Exact","1458 BEDFORD AVE, BROOKLYN, NY, 11216","-73.95417644188,40.673354224411","59079363","R","36","047","021900","1001"
"32-RC-066466","1506 White Oaks Drive, Campbell, CA, ","Match","Non_Exact","1506 WHITE OAKS RD, CAMPBELL, CA, 95008","-121.948652890698,37.265159848159","637989430","L","06","085","502703","1001"
"32-RC-258519","1115 H Street, Modesto, CA, 95354","Match","Exact","1115 H ST, MODESTO, CA, 95354","-120.996879389732,37.639463555501","102604901","L","06","099","001800","3000"
"31-RC-206256","9601 Wilhire Blvd., Beverly Hills, CA, 90210","Match","Non_Exact","9601 WILSHIRE BLVD, BEVERLY HILLS, CA, 90210","-118.403489180386,34.06711407811","141571601","R","06","037","700801","3049"
"28-RC-286376","3131 Las Vegas Boulevard South, Las Vegas, NV, ","Match","Exact","3131 LAS VEGAS BLVD S, LAS VEGAS, NV, 89109","-115.166285934604,36.129906994937","201984909","L","32","003","002302","1015"
"32-RC-179077","625 Charles Street, San Jose, CA, ","Match","Exact","625 CHARLES ST, SAN JOSE, CA, 95112","-121.895264277172,37.365976535632","122907035","L","06","085","504318","1018"
"31-RC-161776","1601 Ashley Way, Colton, CA, 92324","No_Match"
"29-RC-084902","199 Lowell Avenue, Central Islip, NY, ","Match","Exact","199 LOWELL AVE, CENTRAL ISLIP, NY, 11722","-73.178235038405,40.768266919481","113990602","L","36","103","146402","1016"
"32-RC-254580","1A Parr Blvd., Richmond, CA, ","Match","Non_Exact","1A PARR BLVD, RICHMOND, CA, 94801","-122.376253330274,37.967991534547","607878008","L","06","013","392201","1018"
"32-RC-103027","960 Kilfer Road, Facility In Sunnyvale, CA, ","No_Match"
"31-RC-191184","110 Monterey St., San Luis Obispo, CA, 93401","No_Match"
"32-RC-352968","800 Maude Avenue, Mountain View, CA, 94043","No_Match"
"29-RC-356068","355 Bard Avenue, Staten Island, NY, ","Match","Exact","355 BARD AVE, STATEN ISLAND, NY, 10310","-74.106531979012,40.635049908843","59878309","L","36","085","006700","1010"
"32-RC-317711","709 N Street, Newman, CA, 95360","Match","Exact","709 N ST, NEWMAN, CA, 95360","-121.023968348745,37.322532719829","643039156","R","06","099","003501","1007"
"29-RC-312007","236 Lafayette St, Brooklyn, NY, ","Match","Non_Exact","236 LAFAYETTE AVE, BROOKLYN, NY, 11238","-73.966436480087,40.688078989154","59077951","R","36","047","019700","3000"
"32-RC-299481","1 Portola Pl, Monterey, CA, 93940","Match","Non_Exact","1 PORTOLA PLZ, MONTEREY, CA, 93940","-121.894218417545,36.601368688322","652010576","R","06","053","012700","2008"
"28-RC-281917","2035 N Central Ave, Phoenix, AZ, ","Match","Exact","2035 N CENTRAL AVE, PHOENIX, AZ, 85004","-112.073712543734,33.470740085231","128213009","R","04","013","111800","4006"
"29-RC-208016","91 Tompkins Avenue, Staten Island, NY, 10304","Match","Exact","91 TOMPKINS AVE, STATEN ISLAND, NY, 10304","-74.078315410943,40.622254492305","59879630","L","36","085","002700","1000"
"31-RC-118508","4800 Lilly Ave E, Ca 93523 And At: 2825 E. Ave P Palmdale, CA, 93550","No_Match"
"31-RC-118507","4800 Lilly Ave, Palmdale, CA, 93550","No_Match"
"32-RC-265234","768 Mountain Ranch Rd, San Andreas, CA, 95249","Match","Exact","768 MOUNTAIN RANCH RD, SAN ANDREAS, CA, 95249","-120.666952747213,38.189469683232","102247307","L","06","009","000301","3009"
"32-RC-289212","725 Welch Road, Palo Alto, CA, ","Match","Exact","725 WELCH RD, PALO ALTO, CA, 94304","-122.174455873369,37.437200027352","618202442","L","06","085","511609","1025"
"29-RC-104798","74 Alpha Pl, Hicksville, NY, ","Match","Exact","74 ALPHA PL, HICKSVILLE, NY, 11801","-73.545544645898,40.76387949946","147697082","R","36","059","518900","6014"
"32-RC-286181","1120 Berryessa Rd., San Jose, CA, 95133","No_Match"
"32-RC-325330","1015 S. Soderquist Rd., Turlock, CA, 95380","Match","Exact","1015 S SODERQUIST RD, TURLOCK, CA, 95380","-120.862725216691,37.483493822087","102617862","R","06","099","003802","3022"
"28-RC-182671","8915 Montana, El Paso, TX, 79925","Match","Non_Exact","8915 MONTANA AVE, EL PASO, TX, 79925","-106.369153613793,31.79339363454","638727148","L","48","141","003402","4003"
"31-RC-118510","10400 Rancho Road, Adelanto, CA, ","Match","Exact","10400 RANCHO RD, ADELANTO, CA, 92301","-117.438987836132,34.557685337195","637795270","L","06","071","009133","3134"
"29-RC-137258","1400 West Main Street, Riverhead, NY, ","Match","Exact","1400 W MAIN ST, RIVERHEAD, NY, 11901","-72.698610113713,40.916760910009","640451948","L","36","103","169706","2021"
"31-RC-300025","2430 S. Broadway, Santa Maria, CA, 93454","Match","Exact","2430 S BROADWAY, SANTA MARIA, CA, 93454","-120.435812564511,34.916075461512","108630505","R","06","083","002014","2009"
"29-RC-213833","156-40 Northern Boulevard, Flushing, NY, ","Match","Exact","156-40 NORTHERN BLVD, FLUSHING, NY, 11354","-73.808779238761,40.763902358862","59701554","R","36","081","117100","1008"
"28-RC-285035","310 Airport Rd., Hangar N-3 Deming, NM, 88030","No_Match"
"31-RC-349776","3450 Airport Drive, Ontario, CA, 91761","Match","Non_Exact","3450 E AIRPORT DR, ONTARIO, CA, 91761","-117.579099005917,34.062208022192","647991092","R","06","071","001600","2001"
"32-RC-290202","1009 9Th Street, Modesto, CA, ","Match","Exact","1009 9TH ST, MODESTO, CA, 95354","-121.001475069072,37.639866154604","102604565","L","06","099","001800","2053"
"32-RC-338641","725 Welsch Road, Palo Alto, CA, 94304","Match","Non_Exact","725 WELCH RD, PALO ALTO, CA, 94304","-122.174455873369,37.437200027352","618202442","L","06","085","511609","1025"
"29-RC-164800","2316 Surf Ave., Brooklyn, NY, 11224","Match","Exact","2316 SURF AVE, BROOKLYN, NY, 11224","-73.989876046579,40.573892022516","59089234","L","36","047","035200","1006"
"29-RC-107854","637 Court Street, Brooklyn, NY, ","Match","Exact","637 COURT ST, BROOKLYN, NY, 11231","-74.001561756337,40.670436812208","59093924","L","36","047","005302","2005"
"28-RC-300265","4155 West Teco Avenue, In Las Vegas, NV, 89118","Match","Non_Exact","4155 W TECO AVE, LAS VEGAS, NV, 89118","-115.195270434841,36.073521436199","201960114","L","32","003","002962","1113"
"32-RC-141750","2324 Navy Drive In St, Ockton, CA, ","No_Match"
"31-RC-131946","465 S. La Cienega Blvd., Beverly Hills, CA, 90048","Match","Non_Exact","465 S LA CIENEGA BLVD, LOS ANGELES, CA, 90048","-118.376423206475,34.069956901987","657154671","L","06","037","214902","2012"
"31-RC-147046","929 West Seaboard Court, Upland, CA, ","Match","Exact","929 W SEABOARD CT, UPLAND, CA, 91786","-117.664096120557,34.097407401863","144965125","R","06","071","000823","1003"
"32-RC-206079","6792 Central Avenue, Newark, CA, ","Match","Exact","6792 CENTRAL AVE, NEWARK, CA, 94560","-122.02842890306,37.525258425358","635929364","R","06","001","444601","1019"
"29-RC-116774","20 Gear Avenue, Lindenhurst, NY, 11757","Match","Exact","20 GEAR AVE, LINDENHURST, NY, 11757","-73.392636275313,40.714189945988","113971592","L","36","103","123204","3003"
"29-RC-164811","2255 Cropsey Ave., Brooklyn, NY, 11214","Match","Exact","2255 CROPSEY AVE, BROOKLYN, NY, 11214","-73.997280001132,40.596179441324","59088717","L","36","047","029400","1002"
"29-RC-244537","946 Mcdonald Avenue, Brooklyn, NY, ","Match","Exact","946 MCDONALD AVE, BROOKLYN, NY, 11218","-73.977276638118,40.630939083297","59080738","R","36","047","047800","1002"
"32-RC-241285","1428 W Linwood Avenue, Turlock, CA, ","Match","Exact","1428 W LINWOOD AVE, TURLOCK, CA, 95380","-120.864820089581,37.478115673454","102631583","R","06","099","003700","1015"
"31-RC-196405","815 South Blosser Road, Santa Maria, CA, ","Match","Non_Exact","815 BLOSSER RD, SANTA MARIA, CA, 93458","-120.453915274181,34.944366970595","639852470","L","06","083","002410","1016"
"29-RC-257831","500 Fourth Avenue, Brooklyn, NY, ","Match","Exact","500 4TH AVE, BROOKLYN, NY, 11215","-73.99033130358,40.668526038995","59075641","R","36","047","011700","1002"
"29-RC-140868","2424 Hylan Boulevard, Staten Island, NY, ","Match","Exact","2424 HYLAN BLVD, STATEN ISLAND, NY, 10306","-74.107799402675,40.572321051719","59868894","L","36","085","011203","1019"
"32-RC-291513","348 Phelan Ave., San Jose, CA, ","Match","Exact","348 PHELAN AVE, SAN JOSE, CA, 95112","-121.863810309336,37.314688239458","122910919","R","06","085","503122","1015"
"32-RC-276377","3750 And 3850 Century Court, Pittsburg, CA, ","Match","Non_Exact","3850 CENTURY CT, PITTSBURG, CA, 94565","-121.847668696841,38.007986213117","629750877","R","06","013","305000","3061"
"29-RC-114120","95-11 147Th Place, Jamaica, NY, ","Match","Exact","95-11 147TH PL, JAMAICA, NY, 11435","-73.805527963819,40.698561786011","59713219","L","36","081","020800","2011"
"29-RC-299679","526 Gulf Avenue, Staten Island, NY, ","Match","Exact","526 GULF AVE, STATEN ISLAND, NY, 10314","-74.180279412966,40.613661067815","647708961","L","36","085","029102","1019"
"32-RC-092773","27200 Calaroga Avenue, Hayward, CA, ","Match","Exact","27200 CALAROGA AVE, HAYWARD, CA, 94545","-122.089706892927,37.634593645099","606345727","L","06","001","437300","1001"
"29-RC-312499","56-45 Main Street, Queens, NY, 11355","Match","Non_Exact","56-45 MAIN ST, FLUSHING, NY, 11355","-73.826008500259,40.74751163083","59709657","L","36","081","079900","1004"
"31-RC-090561","345 South Halcyon Road, Arroyo Grande, CA, ","Match","Exact","345 S HALCYON RD, ARROYO GRANDE, CA, 93420","-120.591501390118,35.114890985147","650996697","R","06","079","011901","2022"
"32-RC-137269","455 High Street, In Oakland, CA, ","Match","Non_Exact","455 HIGH, OAKLAND, CA, 94601","-122.223268674106,37.766118866176","606157035","L","06","001","406100","2020"
"31-RC-116404","1805 Medical Center Drive, San Bernardino, CA, ","Match","Non_Exact","1805 N MEDICAL CENTER DR, SAN BERNARDINO, CA, 92411","-117.322504081604,34.131286515667","144652309","R","06","071","004202","3013"
"32-RC-195917","350 North Villa Street, Porterville, CA, ","Match","Exact","350 N VILLA ST, PORTERVILLE, CA, 93257","-119.030513000947,36.072616583235","607528169","R","06","107","003801","2008"
"29-RC-181449","1 Sheridan Boulevard, Glen Cove, NY, ","No_Match"
"32-RC-270229","1520 Pacific Avenue, Santa Cruz, CA, 95060","Match","Exact","1520 PACIFIC AVE, SANTA CRUZ, CA, 95060","-122.026539197796,36.975602481658","619351595","R","06","087","100700","2002"
"32-RC-352642","7677 Oakport Road, Oakland, CA, 94621","Match","Non_Exact","7677 OAKPORT ST, OAKLAND, CA, 94621","-122.202088483518,37.746269649651","125008175","R","06","001","409000","3012"
"29-RC-184956","145 Wolcott St., Brooklyn, NY, 11231","Match","Exact","145 WOLCOTT ST, BROOKLYN, NY, 11231","-74.014260247713,40.678160497232","59093455","L","36","047","005301","1003"
"32-RC-329865","3839 Emery Street, Emeryville, CA, 94608","Match","Exact","3839 EMERY ST, EMERYVILLE, CA, 94608","-122.280596824568,37.828835512371","641456489","R","06","001","425104","3001"
"29-RC-246051","355 Bard Avenue And 1130 South Avenute St, Aten Island, NY, ","No_Match"
"32-RC-331705","7898 Dublin Blvd, Dublin, CA, 94568","Match","Exact","7898 DUBLIN BLVD, DUBLIN, CA, 94568","-121.933521014193,37.702701470879","125080908","L","06","001","450400","3027"
"30-RC-006783","12451 Franklin Road, Tomah, WI, ","Match","Exact","12451 FRANKLIN RD, TOMAH, WI, 54660","-90.382739491227,43.9926445869","51070529","L","55","081","950700","2022"
"29-RC-147538","250 North 20Th Street, Brooklyn, NY, ","Match","Non_Exact","250 20TH ST, BROOKLYN, NY, 11215","-73.99249975294,40.661633274756","59075765","R","36","047","014500","1000"
"29-RC-171639","1 Prospect Park West, Brooklyn, NY, ","Match","Exact","1 PROSPECT PARK W, BROOKLYN, NY, 11215","-73.970508858595,40.672591820383","59078403","R","36","047","016500","1000"
"31-RC-278971","939 N Santa Monica Blvd., Beverly Hills, CA, 90210","No_Match"
"36-RC-078780","3225 Woburn Street, Bellingham, WA, ","Match","Exact","3225 WOBURN ST, BELLINGHAM, WA, 98226","-122.445422733348,48.772455506171","645989926","L","53","073","000803","4016"
"32-RC-216705","1495 E. Pescadero Ave, Tracy, CA, 95304","Match","Exact","1495 E PESCADERO AVE, TRACY, CA, 95304","-121.404359246577,37.761576790146","133910642","R","06","077","005214","1057"
"29-RC-166298","9437 Shore Road, Brooklyn, NY, 11209","Match","Exact","9437 SHORE RD, BROOKLYN, NY, 11209","-74.038612964755,40.617061627134","59087373","L","36","047","005400","1001"
"31-RC-116405","2101 North Waterman Avenue, San Bernardino, CA, ","Match","Exact","2101 N WATERMAN AVE, SAN BERNARDINO, CA, 92404","-117.278707249671,34.134109375887","144655170","R","06","071","006301","1004"
"31-RC-357638","113 E Alameda Ave., Burbank, CA, 91502","Match","Exact","113 E ALAMEDA AVE, BURBANK, CA, 91502","-118.300302950128,34.174100071769","241240137","L","06","037","310703","2011"
"28-RC-322489","1035 Alto Street, Santa Fe, NM, 87501","Match","Exact","1035 ALTO ST, SANTA FE, NM, 87501","-105.959763927849,35.686266953709","169377885","R","35","049","000800","2003"
"32-RC-329851","300 Lawrence Drive, Livermore, CA, ","Match","Exact","300 LAWRENCE DR, LIVERMORE, CA, 94551","-121.707417752982,37.711324351049","638202194","R","06","001","451104","3038"
"31-RC-083869","15580 Roxford Street, Sylmar, CA, ","Match","Exact","15580 ROXFORD ST, SYLMAR, CA, 91342","-118.470953949714,34.311852469404","142712800","L","06","037","106520","2004"
"32-RC-256395","6300 Cameron Blvd., Gilroy, CA, 95020","Match","Exact","6300 CAMERON BLVD, GILROY, CA, 95020","-121.543213531452,36.998830983148","640664871","L","06","085","512602","1046"
"31-RC-139991","9045 Lincoln Boulevard, Los Angeles, CA, ","Match","Exact","9045 LINCOLN BLVD, LOS ANGELES, CA, 90045","-118.417190619661,33.957585631178","241128935","R","06","037","276607","1002"
"32-RC-182610","911 Dispatchers, Ames Research Center At Moffett Field In Mountain View, CA, ","No_Match"
"29-RC-349171","630 Old Country Road, Garden City, NY, ","No_Match"
"31-RC-205584","900 Fairway Drive, Santa Maria, CA, ","Match","Non_Exact","900 FAIRWAY AVE, SANTA MARIA, CA, 93455","-120.448507027598,34.912935776488","108632410","L","06","083","002011","2037"
"29-RC-229961","81 Spence Street, Bay Shore, NY, 11706","Match","Exact","81 SPENCE ST, BAY SHORE, NY, 11706","-73.266324929234,40.763553130661","113983229","R","36","103","145904","2000"
"31-RC-149797","39500 National Trails Hwy, Daggett, CA, 92327","Match","Exact","39500 NATIONAL TRAILS HWY, DAGGETT, CA, 92327","-116.798881890261,34.848158730824","614858610","R","06","071","010300","2146"
"28-RC-337962","200 Fremont Street, Las Vegas, NV, ","Match","Exact","200 FREMONT ST, LAS VEGAS, NV, 89101","-115.141277961139,36.169587291169","201867512","L","32","003","000700","3017"
"32-RC-291171","12310 Avenue 368, Visalia, CA, 93291","Match","Exact","12310 AVE 368, VISALIA, CA, 93291","-119.296791687011,36.457800798427","639040106","R","06","107","000902","3004"
"29-RC-237581","131 E. 21St Street, Brooklyn, NY, ","Match","Exact","131 E 21ST ST, BROOKLYN, NY, 11226","-73.96018103036,40.651683211004","59103076","L","36","047","050801","2000"
"32-RC-306765","300 Pasteur Drive, Stanford, CA, 94304","Match","Non_Exact","300 PASTEUR DR, PALO ALTO, CA, 94304","-122.17648182755,37.433392211925","618159437","L","06","085","511609","1025"
"31-RC-258907","130 S. Spruce Avenue, Rialto, CA, 92376","Match","Exact","130 S SPRUCE AVE, RIALTO, CA, 92376","-117.388153390701,34.098969505692","144970741","R","06","071","003510","1016"
"29-RC-161854","105 Evergreen Ave., Brooklyn, NY, ","Match","Exact","105 EVERGREEN AVE, BROOKLYN, NY, 11206","-73.931571420484,40.699439932435","59082511","L","36","047","042500","2003"
"31-RC-240383","610 South Ardmore Avenue, Los Angeles, CA, 90005","Match","Exact","610 S ARDMORE AVE, LOS ANGELES, CA, 90005","-118.301525639312,34.06315009858","642865231","L","06","037","211802","1005"
"29-RC-159971","180 Nassau Street, Brooklyn, NY, ","Match","Exact","180 NASSAU ST, BROOKLYN, NY, 11201","-73.984532117672,40.698372412819","59075135","R","36","047","001501","1001"
"29-RC-229970","475 Seaview Avenue, Staten Island, NY, ","Match","Exact","475 SEAVIEW AVE, STATEN ISLAND, NY, 10305","-74.08643578576,40.583752169868","59887462","L","36","085","007002","3003"
"29-RC-068846","63 Flushing Avenue, Linden, NJ, ","No_Match"
"32-RC-147814","6230 Claremont Avenue, Oakland, CA, ","No_Match"
"32-RC-203847","515 Keystone Blvd., Tuolumne, CA, ","No_Match"
"29-RC-011995","63 Oakcrest Avenue, Middle Island, NY, ","Match","Exact","63 OAKCREST AVE, MIDDLE ISLAND, NY, 11953","-72.967842615852,40.891756701976","114060906","L","36","103","158310","2010"
"29-RC-011994","49 Oakcrest Avenue, Middle Island, NY, ","Match","Exact","49 OAKCREST AVE, MIDDLE ISLAND, NY, 11953","-72.96789102319,40.891964809425","114060906","L","36","103","158310","2010"
"29-RC-197806","41-16 29Th Street, Long Island City, NY, ","Match","Exact","41-16 29TH ST, LONG ISLAND CITY, NY, 11101","-73.937058822191,40.750821769472","59729889","R","36","081","003301","1004"
"31-RC-144096","24700 Mcbean Parkway, Valencia, CA, 91355","No_Match"
"31-RC-102254","16620 Yucca Street, Hesperia, CA, 92345","Match","Exact","16620 YUCCA ST, HESPERIA, CA, 92345","-117.299731889303,34.422228826598","638621417","R","06","071","010028","1039"
"29-RC-011998","3008 Church Avenue, Brooklyn, NY, ","Match","Exact","3008 CHURCH AVE, BROOKLYN, NY, 11226","-73.949421347131,40.650755502916","59081499","R","36","047","082400","4000"
"32-RC-264805","2727 E. Central Ave., Fresno, CA, ","Match","Exact","2727 E CENTRAL AVE, FRESNO, CA, 93725","-119.739732207495,36.677871669693","658220659","R","06","019","001500","1047"
"29-RC-011997","147 Hancock Place, Jamaica, NY, ","No_Match"
"29-RC-074298","2 Rodeo Drive, Bretwood, NY, ","Match","Non_Exact","2 RODEO DR, BRENTWOOD, NY, 11717","-73.288345468007,40.772730214931","114271679","R","36","103","201200","1011"
"32-RC-156776","911 Industrial Avenue, In Palo Alto, CA, ","Match","Non_Exact","911 INDUSTRIAL AVE, PALO ALTO, CA, 94303","-122.098784058215,37.422638297887","122953777","L","06","085","509304","1003"
"29-RC-184968","245-37 60Th Avenue, Douglaston, NY, ","Match","Exact","245-37 60TH AVE, DOUGLASTON, NY, 11362","-73.732442152291,40.75707996993","59704282","L","36","081","152901","3001"
"31-RC-218463","4575 West Main Street, Guadalupe, CA, 93434","Match","Exact","4575 W MAIN ST, GUADALUPE, CA, 93434","-120.57823551466,34.957636482413","108613695","R","06","083","002504","3018"
"29-RC-157302","400 Sunrise Highway, Amityville, NY, ","Match","Exact","400 SUNRISE HWY, AMITYVILLE, NY, 11701","-73.413483143186,40.688191646204","657024935","L","36","103","123303","2000"
"29-RC-097394","1778 Pacific Street, Brooklyn, NY, ","Match","Exact","1778 PACIFIC ST, BROOKLYN, NY, 11233","-73.928704163878,40.676446229203","652212017","R","36","047","030700","3007"
"29-RC-202444","5434 2Nd Avenue, Brooklyn, NY, ","Match","Exact","5434 2ND AVE, BROOKLYN, NY, 11220","-74.019531545529,40.646681896837","59094313","R","36","047","002200","1000"
"32-RC-195930","3672 N. First Street, Fresno, CA, ","Match","Exact","3672 N 1ST ST, FRESNO, CA, 93726","-119.772397267051,36.784141253089","197575708","R","06","019","005203","1000"
"28-RC-333103","6505 Convair Road, El Paso, TX, ","Match","Exact","6505 CONVAIR RD, EL PASO, TX, 79925","-106.400265006187,31.797520709885","189395197","L","48","141","980000","1005"
"31-RC-126671","25200 Rye Canyon Road, Santa Clarita, CA, ","Match","Exact","25200 RYE CANYON RD, SANTA CLARITA, CA, 91355","-118.576550310868,34.439003956097","640111932","R","06","037","920121","2024"
"32-RC-260434","500 Gould Street, Reno, NV, ","Match","Exact","500 GOULD ST, RENO, NV, 89502","-119.791415205858,39.523996043646","107052199","L","32","031","000702","2007"
"28-RC-184268","129 Fremont Street, Las Vegas, NV, ","Match","Exact","129 FREMONT ST, LAS VEGAS, NV, 89101","-115.141002267705,36.169331922696","201867512","R","32","003","000700","2007"
"32-RC-154589","3955 Starlite Drive, Ceres, CA, ","Match","Exact","3955 STARLITE DR, CERES, CA, 95307","-120.921757546579,37.56261426138","102625349","R","06","099","003002","2032"
"29-RC-086252","3000 Hempstead Turnpike, Levittown, NY, ","Match","Exact","3000 HEMPSTEAD TPKE, LEVITTOWN, NY, 11756","-73.525211265898,40.724596345246","638199798","L","36","059","409200","5004"
"32-RC-296811","16900 W. Shulte Road, Tracy, CA, 95376","Match","Non_Exact","16900 W SCHULTE RD, TRACY, CA, 95377","-121.517331511998,37.721831546368","133908044","L","06","077","005213","2043"
"29-RC-341643","201 Main Street, Port Jefferson, NY, ","Match","Exact","201 MAIN ST, PORT JEFFERSON, NY, 11777","-73.068382328465,40.945801027488","114000987","R","36","103","158206","2007"
"29-RC-252777","99 9Th Street, Brooklyn, NY, ","Match","Exact","99 9TH ST, BROOKLYN, NY, 11215","-73.993831060741,40.672884549535","59075563","L","36","047","011902","1002"
"29-RC-251447","1 Tennis Place, Forest Hills, NY, 11375","Match","Exact","1 TENNIS PL, FOREST HILLS, NY, 11375","-73.846691545673,40.719904965504","59706155","L","36","081","072300","1001"
"31-RC-149761","39500 National Trails Hwy, Daggett, CA, 92327","Match","Exact","39500 NATIONAL TRAILS HWY, DAGGETT, CA, 92327","-116.798881890261,34.848158730824","614858610","R","06","071","010300","2146"
"32-RC-339229","4601 Dale Road, Modesto, CA, 95356","Match","Exact","4601 DALE RD, MODESTO, CA, 95356","-121.050149968758,37.705812821831","643010326","L","06","099","000501","2041"
"28-RC-260934","9826 Dyer St., El Paso, TX, 79924","Match","Exact","9826 DYER ST, EL PASO, TX, 79924","-106.412341137227,31.893523620556","189425926","R","48","141","000205","1016"
"29-RC-072096","100-02 Farragut Road, Brooklyn, NY, 11210","No_Match"
"29-RC-181410","4600 9Th Avenue, Brooklyn, NY, ","Match","Exact","4600 9TH AVE, BROOKLYN, NY, 11220","-73.999283511306,40.642019660946","59098063","R","36","047","009402","2000"
"31-RC-267802","5900 Olympic Boulevard, Los Angeles, CA, 90036","Match","Non_Exact","5900 W OLYMPIC BLVD, LOS ANGELES, CA, 90036","-118.359938159128,34.057471816193","141599195","L","06","037","216302","2012"
"31-RC-161490","1366 East Holt Boulevard, Ontario, CA, ","Match","Exact","1366 E HOLT BLVD, ONTARIO, CA, 91761","-117.623757662986,34.063380812023","657715803","R","06","071","001600","2019"
"32-RC-306314","1450 Kooser Road, San Jose, CA, 95118","Match","Exact","1450 KOOSER RD, SAN JOSE, CA, 95118","-121.891999589729,37.245444864067","122947118","L","06","085","511916","1000"
"31-RC-134268","650 B, Fort Irwin, CA, 92310","No_Match"
"29-RC-264742","7 South, Flushing, NY, ","No_Match"
"29-RC-209056","980 Horseblock Road, Farmingville, NY, ","Match","Exact","980 HORSEBLOCK RD, FARMINGVILLE, NY, 11738","-73.02203897363,40.830098947051","638333349","L","36","103","158606","3008"
"32-RC-248749","5100 Broadway, Oakland, CA, 94611","Match","Exact","5100 BROADWAY, OAKLAND, CA, 94611","-122.251671595549,37.835369206409","606190334","R","06","001","404200","3009"
"28-RC-264073","4361 Oleary Road, El Paso, TX, ","Match","Non_Exact","4361 OLEARY DR, EL PASO, TX, 79938","-106.141077160058,31.8300864661","189412012","L","48","141","010364","2016"
"31-RC-347870","6801 Hollywood Boulevard, Los Angeles, CA, 90028","Match","Exact","6801 HOLLYWOOD BLVD, LOS ANGELES, CA, 90028","-118.338761986757,34.10160143965","141594548","R","06","037","190101","1000"
"32-RC-303284","71 Washington St., Santa Clara, CA, 95050","Match","Exact","71 WASHINGTON ST, SANTA CLARA, CA, 95050","-121.93807290279,37.338273945136","651437546","R","06","085","505700","3026"
"32-RC-205618","3630 East Imperial Highway, Lynwood, CA, 90262","No_Match"
"31-RC-074959","60 West Olsen Road, Thousand Oaks, CA, ","Match","Exact","60 W OLSEN RD, THOUSAND OAKS, CA, 91360","-118.875095051035,34.225757320152","110122657","R","06","111","006302","2006"
"32-RC-280004","2825 S. Elm Ave., Fresno, CA, ","No_Match"
"29-RC-171603","1 Prospect Park West, Brooklyn, NY, ","Match","Exact","1 PROSPECT PARK W, BROOKLYN, NY, 11215","-73.970508858595,40.672591820383","59078403","R","36","047","016500","1000"
"29-RC-294160","154 North Seventh Street, Brooklyn, NY, ","Match","Exact","154 N 7TH ST, BROOKLYN, NY, 11249","-73.958155006107,40.718031121708","59075961","R","36","047","055300","3001"
"28-RC-335742","3210 Citizens Ave., North Las Vegas, NV, ","Match","Non_Exact","3210 CITIZEN AVE, NORTH LAS VEGAS, NV, 89032","-115.184275510992,36.207566482203","641548161","R","32","003","003616","1003"
"29-RC-272399","1711 Brookhaven Avenue, Far Rockaway, NY, ","Match","Exact","1711 BROOKHAVEN AVE, FAR ROCKAWAY, NY, 11691","-73.75092061293,40.598845627047","59723792","L","36","081","101004","1001"
"28-RC-161589","406 North Avenue, San Luis, AZ, ","No_Match"
"32-RC-269665","2740 Grant Street, Concord, CA, 94520","Match","Exact","2740 GRANT ST, CONCORD, CA, 94520","-122.038003277009,37.984890129822","192053684","R","06","013","329000","4007"
"32-RC-333941","1971 Davis Street, San Leandro, CA, 94577","Match","Exact","1971 DAVIS ST, SAN LEANDRO, CA, 94577","-122.181933311902,37.717657339572","636954911","L","06","001","432400","1012"
"32-RC-255054","601 Walter Avenue, Pinole, CA, ","Match","Exact","601 WALTER AVE, PINOLE, CA, 94564","-122.312459426405,38.005199303063","607720549","L","06","013","359102","3011"
"29-RC-306410","7211 Amstel Blvd., College Point, NY, ","No_Match"
"32-RC-140389","1333 East Turner Road, Lodi, CA, ","Match","Non_Exact","1333 W TURNER RD, LODI, CA, 95242","-121.333360643115,38.145679240483","645187787","L","06","077","004105","3009"
"32-RC-318789","6211 Las Positas Road, Fresno, CA, 93722","No_Match"
"31-RC-195282","9033 Wilshire Blvd., Beverly Hills, CA, 90211","Match","Exact","9033 WILSHIRE BLVD, BEVERLY HILLS, CA, 90211","-118.388793382634,34.067112376732","141572589","R","06","037","700802","3022"
"32-RC-299063","2298 Pike Court, Concord, CA, ","Match","Exact","2298 PIKE CT, CONCORD, CA, 94520","-122.03379760864,38.010878455861","192112017","L","06","013","315000","1073"
"32-RC-088569","1001 E Santa Clara Street, San Jose, CA, ","Match","Exact","1001 E SANTA CLARA ST, SAN JOSE, CA, 95116","-121.87059055874,37.345726533145","122908925","L","06","085","501401","2012"
"31-RC-148412","573 At Marine Corps Logistics Base, Barstow, CA, ","No_Match"
"32-RC-139395","2857 Hannah Street, In Oakland, CA, ","Match","Non_Exact","2857 HANNAH ST, OAKLAND, CA, 94608","-122.286329644,37.821608280717","124995861","L","06","001","401700","3084"
"32-RC-178169","1925 E. Houston Avenue, Visalia, CA, ","Match","Exact","1925 E HOUSTON AVE, VISALIA, CA, 93292","-119.271829332226,36.341823601796","657479175","R","06","107","001305","2000"
"29-RC-314048","1255 Hempstead Tpke, Uniondale, NY, 11553","Match","Exact","1255 HEMPSTEAD TPKE, UNIONDALE, NY, 11553","-73.588818963049,40.719670247878","657117114","L","36","059","407301","3044"
"32-RC-306334","16060 Caputo Drive, Morgan Hill, CA, 95037","Match","Exact","16060 CAPUTO DR, MORGAN HILL, CA, 95037","-121.634122738308,37.11788338875","122948580","R","06","085","512310","2005"
"31-RC-295004","2587 East Washington Boulevard, Pasadena, CA, ","Match","Exact","2587 E WASHINGTON BLVD, PASADENA, CA, 91107","-118.096764543245,34.16920857183","141632268","L","06","037","461300","1000"
"28-RC-208397","3645 S. Las Vegas Blvd., Las Vegas, NV, 89109","Match","Non_Exact","3645 LAS VEGAS BLVD S, LAS VEGAS, NV, 89109","-115.172844815823,36.112835316988","639403573","L","32","003","006700","1018"
"31-RC-222929","866 South Depot Rd., Fort Irwin, CA, 92310","No_Match"
"29-RC-253629","8900 Van Wyck Expressway, Jamaica, NY, ","Match","Exact","89-00 VAN WYCK EXPY, JAMAICA, NY, 11418","-73.816350697511,40.701327473153","59735280","R","36","081","014202","1006"
"29-RC-340300","1100 Fulton St., Brooklyn, NY, 11238","Match","Exact","1100 FULTON ST, BROOKLYN, NY, 11238","-73.956877990547,40.681327870369","59078824","R","36","047","022700","2001"
"28-RC-301502","7320 East Butherus Drive, Scottsdale, AZ, 85260","Match","Exact","7320 E BUTHERUS DR, SCOTTSDALE, AZ, 85260","-111.921720506052,33.622739108392","128189310","L","04","013","216816","1002"
"29-RC-294141","914 Old Country Road, Garden City, NY, ","Match","Exact","914 OLD COUNTRY RD, GARDEN CITY, NY, 11530","-73.606253754318,40.744669305633","147824719","R","36","059","407301","2014"
"29-RC-349111","40 Doyle Court, East Northport, NY, ","Match","Exact","40 DOYLE CT, EAST NORTHPORT, NY, 11731","-73.31452958212,40.837361194358","113981230","L","36","103","111801","4000"
"28-RC-161122","406 North Avenue, San Luis, AZ, ","No_Match"
"29-RC-336286","379 Glen Cove Rd., Westbury, NY, 11590","Match","Exact","379 GLEN COVE RD, WESTBURY, NY, 11590","-73.61933103053,40.756564613125","638123075","L","36","059","303900","2014"
"32-RC-152365","6121 Bollinger Canyon Road, Building Z In San Ramon, CA, ","Match","Non_Exact","6121 BOLLINGER CANYON RD, SAN RAMON, CA, 94583","-121.956678387479,37.762742137908","607869360","R","06","013","345111","1000"
"29-RC-294146","21-28 31St Street, Queens, NY, ","No_Match"
"31-RC-133381","18300 Roscoe Boulevard, Northridge, CA, ","Match","Exact","18300 ROSCOE BLVD, NORTHRIDGE, CA, 91325","-118.531779172388,34.220735735315","642865437","L","06","037","131400","3000"
"32-RC-111487","340 El Camino Real, Salinas, CA, ","Match","Non_Exact","340 EL CAMINO REAL S, SALINAS, CA, 93901","-121.564306733715,36.610553556837","196783816","L","06","053","010606","1093"
"32-RC-353578","601 Walter Avenue, Pinole, CA, ","Match","Exact","601 WALTER AVE, PINOLE, CA, 94564","-122.312459426405,38.005199303063","607720549","L","06","013","359102","3011"
"32-RC-251545","13400 Hanford Armona Road, Hanford, CA, ","Match","Exact","13400 HANFORD ARMONA RD, HANFORD, CA, 93230","-119.697294046869,36.313922275926","655806012","L","06","031","000500","3008"
"32-RC-275992","28333 Industrial Road, Hayward, CA, 94545","Match","Non_Exact","28333 INDUSTRIAL BLVD, HAYWARD, CA, 94545","-122.094336000161,37.617342476155","635925297","R","06","001","437101","1016"
"29-RC-242090","33 Canton Place, Brooklyn, NY, ","Match","Non_Exact","33 CANTON CT, BROOKLYN, NY, 11229","-73.921124891619,40.587589273932","59093157","L","36","047","062800","3003"
"31-RC-174374","1051 N. Wineville Avenue, Ontario, CA, 91764","Match","Non_Exact","1051 WINEVILLE AVE, ONTARIO, CA, 91764","-117.539384014247,34.076368564342","657821210","R","06","071","012700","1004"
"31-RC-199673","1245 Aviation Place, San Fernando, CA, ","Match","Exact","1245 AVIATION PL, SAN FERNANDO, CA, 91340","-118.419718670081,34.292203775557","141824743","R","06","037","320102","2001"
"31-RC-213147","120 N Broadway, Santa Monica, CA, 90401","Match","Non_Exact","120 BROADWAY, SANTA MONICA, CA, 90401","-118.496175221475,34.012888226041","141559511","R","06","037","701902","2014"
"32-RC-272003","1300 Concord Avenue, Concord, CA, 94520","Match","Exact","1300 CONCORD AVE, CONCORD, CA, 94520","-122.049465236961,37.980078384461","639861322","R","06","013","327001","2054"
"31-RC-096319","18180 Gateway Drive, Victorville, CA, ","Match","Exact","18180 GATEWAY DR, VICTORVILLE, CA, 92394","-117.394344163742,34.582164111161","657759356","L","06","071","980200","1018"
"32-RC-202134","1555 Soquel Drive, Santa Cruz, CA, 95065","Match","Exact","1555 SOQUEL DR, SANTA CRUZ, CA, 95065","-121.984356829024,36.988232879582","606001915","L","06","087","121300","1003"
"28-RC-307233","1625 Medical Center Drive, In El Paso, TX, ","Match","Non_Exact","1625 MEDICAL CENTER ST, EL PASO, TX, 79902","-106.479725726647,31.777234007357","189408790","L","48","141","002201","1015"
"29-RC-217562","130-24 South Conduit Avenue, Jamaica, NY, ","Match","Exact","130-24 S CONDUIT AVE, JAMAICA, NY, 11430","-73.810041337001,40.666253457093","59714013","R","36","081","084602","1006"
"31-RC-349192","4151 Prospect Ave., Los Angeles, CA, 90027","Match","Exact","4151 PROSPECT AVE, LOS ANGELES, CA, 90027","-118.281067459166,34.101862436344","141597821","R","06","037","195202","3007"
"31-RC-318432","3502 Dry Creek Rd., Paso Robles, CA, ","No_Match"
"28-RC-156646","3708 Las Vegas Boulevard South, Las Vegas, NV, 89109","Match","Exact","3708 LAS VEGAS BLVD S, LAS VEGAS, NV, 89109","-115.173065142594,36.109699761595","650056486","R","32","003","006700","1011"
"31-RC-217994","15760 Ventura Blvd, Encino, CA, 91436","Match","Exact","15760 VENTURA BLVD, ENCINO, CA, 91436","-118.476221887733,34.155298359051","141560494","L","06","037","141400","2004"
"29-RC-343479","580 Hempstead Turnpike, West Hempstead, NY, 11552","Match","Exact","580 HEMPSTEAD TPKE, WEST HEMPSTEAD, NY, 11552","-73.660876928944,40.706319767918","147672469","R","36","059","405800","2009"
"32-RC-311702","2140 West Industrial Ave., Madera, CA, 93637","Match","Exact","2140 W INDUSTRIAL AVE, MADERA, CA, 93637","-120.086324422762,36.949896667424","636413650","R","06","039","000702","4020"
"29-RC-143565","5434 2Nd Avenue, Brooklyn, NY, ","Match","Exact","5434 2ND AVE, BROOKLYN, NY, 11220","-74.019531545529,40.646681896837","59094313","R","36","047","002200","1000"
"29-RC-191632","844 Dekalb Avenue, Brooklyn, NY, ","Match","Exact","844 DEKALB AVE, BROOKLYN, NY, 11221","-73.94219161065,40.692371351758","652212054","R","36","047","028100","3003"
"29-RC-167559","6701 Bay Parkway, Brooklyn, NY, 11204","Match","Exact","6701 BAY PKWY, BROOKLYN, NY, 11204","-73.982643179399,40.612609526028","59089388","L","36","047","043000","1000"
"31-RC-173039","9150 Aviation Blvd, Los Angeles, CA, 90045","No_Match"
"29-RC-310538","839 Sunrise Highway, Lynbrook, NY, ","Match","Exact","839 SUNRISE HWY, LYNBROOK, NY, 11563","-73.683521116034,40.656679058793","638237021","L","36","059","411901","3008"
"29-RC-246448","40 Ranick Road, Hauppauge, NY, ","Match","Exact","40 RANICK RD, HAUPPAUGE, NY, 11788","-73.228736495973,40.810406710937","114231280","R","36","103","145701","1022"
"31-RC-351017","1127 Bryn Mawr Ave., Redlands, CA, 92374","Match","Exact","1127 BRYN MAWR AVE, REDLANDS, CA, 92374","-117.235035355418,34.069188928423","144663017","R","06","071","007800","1029"
"32-RC-176336","123 North E Street, Madera, CA, ","Match","Exact","123 N E ST, MADERA, CA, 93638","-120.059720431624,36.962179006909","102338163","R","06","039","000802","4015"
"29-RC-317168","8900 Van Wyck Expressway, Jamaica, NY, 11418","Match","Exact","89-00 VAN WYCK EXPY, JAMAICA, NY, 11418","-73.816350697511,40.701327473153","59735280","R","36","081","014202","1006"
"31-RC-139913","8369 Milliken Avenue, Rancho Cucamonga, CA, ","Match","Exact","8369 MILLIKEN AVE, RANCHO CUCAMONGA, CA, 91730","-117.555780291819,34.101069207618","614821614","R","06","071","002112","2001"
"28-RC-192709","849 W 24Th St, Tempe, AZ, 85282","Match","Exact","849 W 24TH ST, TEMPE, AZ, 85282","-111.951372256941,33.40281498199","128226723","L","04","013","319705","1011"
"29-RC-237518","160 Parkside Ave., Brooklyn, NY, ","Match","Exact","160 PARKSIDE AVE, BROOKLYN, NY, 11226","-73.962283807252,40.654657310458","59078548","R","36","047","050804","1000"
"29-RC-268254","200 Fourth Avenue, Brooklyn, NY, ","Match","Exact","200 4TH AVE, BROOKLYN, NY, 11217","-73.982605481215,40.678184544912","59077609","R","36","047","011901","2010"
"29-RC-343445","6 Metrotech Center, Brooklyn, NY, ","Match","Exact","6 METROTECH CENTER, BROOKLYN, NY, 11201","-73.985281371828,40.694300476371","59098945","L","36","047","001100","1000"
"31-RC-100477","1555 North San Fernando Road, Los Angeles, CA, ","Match","Exact","1555 N SAN FERNANDO RD, LOS ANGELES, CA, 90065","-118.232806246239,34.097011708631","646847692","L","06","037","187102","2021"
"31-RC-197476","7300 Medical Center Drive, West Hills, CA, 91307","Match","Exact","7300 MEDICAL CENTER DR, WEST HILLS, CA, 91307","-118.629391549143,34.20240180105","650169968","R","06","037","134422","2007"
"29-RC-329173","333 Court St., Brooklyn, NY, 11231","Match","Exact","333 COURT ST, BROOKLYN, NY, 11231","-73.995633279736,40.682744400637","59075274","L","36","047","007500","5000"
"29-RC-140048","180 Varick Ave., Brooklyn, NY, ","Match","Exact","180 VARICK AVE, BROOKLYN, NY, 11237","-73.928969091389,40.712284388532","59096599","R","36","047","044902","3021"
"31-RC-203314","6300 Canoga Ave., Woodland Hills, CA, ","Match","Exact","6300 CANOGA AVE, WOODLAND HILLS, CA, 91367","-118.597301692916,34.184626620161","142710002","R","06","037","134905","1001"
"29-RC-206413","282 South 5Th Street, Brooklyn, NY, ","Match","Exact","282 S 5TH ST, BROOKLYN, NY, 11211","-73.957791080304,40.709119728187","59076189","R","36","047","052500","1004"
"32-RC-322858","5451 Great America Parkway, Santa Clara, CA, ","No_Match"
"32-RC-352236","16888 Mckinley Ave., Lathrop, CA, 95330","Match","Exact","16888 MCKINLEY AVE, LATHROP, CA, 95330","-121.271088105883,37.808040240604","133855445","L","06","077","005119","2047"
"28-RC-296969","7200 West Chandler Boulevard, Chandler, AZ, ","Match","Exact","7200 W CHANDLER BLVD, CHANDLER, AZ, 85226","-111.966335211341,33.30534082313","654982640","R","04","013","810400","2029"
"32-RC-273344","1960 Wardrobe Avenue, Merced, CA, ","No_Match"
"31-RC-311819","1225 Wilshire Blvd., Los Angeles, CA, 90017","Match","Exact","1225 WILSHIRE BLVD, LOS ANGELES, CA, 90017","-118.265290763362,34.053254009127","141616706","R","06","037","209106","1000"
"28-RC-291280","17405 North 7Th Street, Phoenix, AZ, ","Match","Exact","17405 N 7TH ST, PHOENIX, AZ, 85022","-112.06548564408,33.644356617165","128914600","R","04","013","619100","1003"
"29-RC-245133","177-35 145Th Avenue, Jamaica, NY, ","Match","Exact","177-35 145TH AVE, JAMAICA, NY, 11434","-73.770644741648,40.665687888786","59719655","L","36","081","030600","5008"
"32-RC-321997","2445 Augustine Dr., Santa Clara, CA, ","Match","Exact","2445 AUGUSTINE DR, SANTA CLARA, CA, 95054","-121.971202348778,37.382254783912","122958495","R","06","085","505202","2005"
"32-RC-353563","2700 Ninth St, Berkeley, CA, 94710","Match","Exact","2700 9TH ST, BERKELEY, CA, 94710","-122.290910151437,37.85743558473","124994098","R","06","001","422000","1042"
"29-RC-310551","319 Frost Street, Brooklyn, NY, ","Match","Exact","319 FROST ST, BROOKLYN, NY, 11222","-73.938781492668,40.719192073643","59077141","L","36","047","044901","2014"
"31-RC-157828","10202 West Washington Blvd., Culver City, CA, 90232","Match","Non_Exact","10202 WASHINGTON BLVD, CULVER CITY, CA, 90232","-118.401805833889,34.019005968947","141574260","L","06","037","702501","1001"
"32-RC-287975","3921 Fabian Way, Palo Alto, CA, ","Match","Exact","3921 FABIAN WAY, PALO ALTO, CA, 94303","-122.104091422484,37.423489192392","638613691","L","06","085","510801","4000"
"32-RC-074335","2065 Forest Ave., San Jose, CA, ","Match","Exact","2065 FOREST AVE, SAN JOSE, CA, 95128","-121.935231090666,37.327123306288","122903002","R","06","085","500500","5016"
"31-RC-132010","1051 N. Wineville Avenue S, Ontario, CA, 91764","Match","Non_Exact","1051 WINEVILLE AVE, ONTARIO, CA, 91764","-117.539384014247,34.076368564342","657821210","R","06","071","012700","1004"
"28-RC-352246","3890 Aberdeen Ave., Kirtland Afb, NM, ","No_Match"
"28-RC-190984","2880 South Las Vegas Blvd., Las Vefas, NV, 89119","Match","Non_Exact","2880 LAS VEGAS BLVD S, LAS VEGAS, NV, 89109","-115.162728736608,36.135601694971","201869823","R","32","003","002302","1004"
"31-RC-178770","1301 Auto Center Dr, Ontario, CA, 91761","Match","Exact","1301 AUTO CENTER DR, ONTARIO, CA, 91761","-117.544705599299,34.050829528991","144735206","L","06","071","012700","1026"
"28-RC-299178","1000 Rio Grande Boulevard N, Albuquerque, NM, ","Match","Non_Exact","1000 RIO GRANDE BLVD NW, ALBUQUERQUE, NM, 87104","-106.670672628357,35.103677557536","647139819","R","35","001","004800","1007"
"29-RC-225553","81 South Cargo Road, Jamaica, NY, ","Match","Exact","81 S CARGO RD, JAMAICA, NY, 11430","-73.790851698929,40.653965470504","59734909","R","36","081","071600","1015"
"29-RC-351051","20 Snyder Avenue, Brooklyn, NY, ","Match","Exact","20 SNYDER AVE, BROOKLYN, NY, 11226","-73.957735363411,40.648494716404","59081363","R","36","047","079400","3001"
"32-RC-124766","5125 Central Ave, Fremont, CA, ","Match","Exact","5125 CENTRAL AVE, FREMONT, CA, 94536","-122.013305011183,37.545022065595","635929362","L","06","001","441701","1011"
"32-RC-238538","2362 Old Middlefield Way, Mountain View, CA, ","Match","Exact","2362 OLD MIDDLEFIELD WAY, MOUNTAIN VIEW, CA, 94043","-122.096742720449,37.4147474844","122953792","R","06","085","509304","1028"
"31-RC-110228","4101 Torrance Blvd, Torrance, CA, 90503","Match","Exact","4101 TORRANCE BLVD, TORRANCE, CA, 90503","-118.355803290855,33.837622469725","657168765","R","06","037","650606","1006"
"31-RC-091063","1 Pico Blvd, Santa Monica, CA, ","No_Match"
"31-RC-355420","13579 Whittram Ave., Fontana, CA, 92335","Match","Exact","13579 WHITTRAM AVE, FONTANA, CA, 92335","-117.508853538576,34.094556693966","144641146","R","06","071","002204","1006"
"29-RC-143130","555 7Th Avenue, Brooklyn, NY, 11215","Match","Exact","555 7TH AVE, BROOKLYN, NY, 11215","-73.986847458658,40.660708700912","638296739","L","36","047","014902","2003"
"28-RC-291218","7435 E. Karen Drive, Scottsdale, AZ, ","Match","Exact","7435 E KAREN DR, SCOTTSDALE, AZ, 85260","-111.917289754456,33.624109500201","243973175","L","04","013","216816","1002"
"28-RC-354896","4700 Las Vegas Blvd. N., Nellis Afb, NV, ","Match","Exact","4700 LAS VEGAS BLVD N, NELLIS AFB, NV, 89191","-115.051588893431,36.242219660082","658297320","L","32","003","006001","5001"
"31-RC-179618","105 13Th Street, Vandenberg Afb, CA, ","No_Match"
"32-RC-249671","700 Avenger Avenue, Lemoore, CA, ","Match","Exact","700 AVENGER AVE, LEMOORE, CA, 93246","-119.871289587473,36.264871228093","635493746","R","06","031","980000","1113"
"29-RC-201174","74-15 255Th Street, Glen Oaks, NY, 11004","Match","Exact","74-15 255TH ST, GLEN OAKS, NY, 11004","-73.717004227037,40.747818925227","59724191","L","36","081","155104","1003"
"32-RC-103811","2020 Oregon Street, Berkeley, CA, ","Match","Exact","2020 OREGON ST, BERKELEY, CA, 94703","-122.267658957544,37.857463837322","606408996","R","06","001","423500","3001"
"32-RC-260453","2895 North Naglee Road, Tracy, CA, ","No_Match"
"33-RC-005178","601 Midpoint Road, Minooka, IL, ","Match","Exact","601 MID POINT RD, MINOOKA, IL, 60447","-88.276597362157,41.465773133916","655062849","R","17","093","890703","2105"
"33-RC-005177","1621 South Illinois Street St, Streator, IL, ","Match","Non_Exact","1621 S ILLINOIS ST, STREATOR, IL, 61364","-88.824144444342,41.100664370261","656717693","R","17","105","960300","3005"
"32-RC-176384","16900 W. Schulte Road, Tracy, CA, ","Match","Exact","16900 W SCHULTE RD, TRACY, CA, 95377","-121.517331511998,37.721831546368","133908044","L","06","077","005213","2043"
"32-RC-214149","926 Franklin Avenue, Lemoore, CA, ","No_Match"
"32-RC-342462","27200 Calaroga Ave., Hayward, CA, 94545","Match","Exact","27200 CALAROGA AVE, HAYWARD, CA, 94545","-122.089706892927,37.634593645099","606345727","L","06","001","437300","1001"
"32-RC-337903","818 Kifer Rd, Sunnyvale, CA, 94086","Match","Exact","818 KIFER RD, SUNNYVALE, CA, 94086","-122.007977376711,37.374030821637","618168320","R","06","085","508708","1063"
"32-RC-297724","14330 San Pablo Ave, San Pablo, CA, ","Match","Exact","14330 SAN PABLO AVE, SAN PABLO, CA, 94806","-122.344906724436,37.965078401338","192038262","R","06","013","367200","2011"
"29-RC-086626","8 Metrotech Center, Brooklyn, NY, ","Match","Exact","8 METROTECH CENTER, BROOKLYN, NY, 11201","-73.985298849052,40.694300794139","59098945","L","36","047","001100","1000"
"31-RC-153019","1000 Flower Street, Glendale, CA, 91201","Match","Exact","1000 FLOWER ST, GLENDALE, CA, 91201","-118.282145570723,34.157290432213","142688576","L","06","037","301601","2020"
"31-RC-328270","1812 Verdugo Blvd, Glendale, CA, 91208","Match","Non_Exact","1812 N VERDUGO RD, GLENDALE, CA, 91208","-118.226022362325,34.174427138407","142730485","R","06","037","300800","1004"
"29-RC-282559","57 Milton Street, Staten Island, NY, 10303","Match","Non_Exact","57 MILTON AVE, STATEN ISLAND, NY, 10306","-74.103375074902,40.565360131664","59868971","R","36","085","012804","1006"
"29-RC-075967","2205 Linden Blvd, Brooklyn, NY, ","Match","Exact","2205 LINDEN BLVD, BROOKLYN, NY, 11207","-73.881752986392,40.662654817619","640860439","L","36","047","110400","4000"
"31-RC-192605","2627 N. Hollywood, Burbank, CA, 91505","Match","Non_Exact","2627 N HOLLYWOOD WAY, BURBANK, CA, 91505","-118.348953898261,34.19618813799","142725510","L","06","037","980001","1001"
"29-RC-095573","99 Toledo Street, Farmingdale, NY, 11735","Match","Exact","99 TOLEDO ST, FARMINGDALE, NY, 11735","-73.420009335923,40.711881556346","113971091","R","36","103","123201","2045"
"32-RC-322881","725 Welch Road, Palo Alto, CA, ","Match","Exact","725 WELCH RD, PALO ALTO, CA, 94304","-122.174455873369,37.437200027352","618202442","L","06","085","511609","1025"
"32-RC-299919","19412 Yosemite Blvd, Waterford, CA, 95386","Match","Exact","19412 YOSEMITE BLVD, WATERFORD, CA, 95386","-120.637149788058,37.641881981474","653165601","R","06","099","002801","3082"
"28-RC-307205","1625 Medical Center Drive, In El Paso, TX, ","Match","Non_Exact","1625 MEDICAL CENTER ST, EL PASO, TX, 79902","-106.479725726647,31.777234007357","189408790","L","48","141","002201","1015"
"32-RC-239415","1375 55Th Street, Emeryville, CA, 94608","Match","Exact","1375 55TH ST, EMERYVILLE, CA, 94608","-122.286471504542,37.837663591858","124994437","L","06","001","425103","3012"
"28-RC-320644","4503 Paradise Road, Las Vegas, NV, ","Match","Exact","4503 PARADISE RD, LAS VEGAS, NV, 89169","-115.152068495641,36.107865190644","201870057","R","32","003","002604","3000"
"29-RC-070290","25 Bowery Bay Boulevard, Flushing, NY, ","Match","Non_Exact","25 BOULEVARD, FLUSHING, NY, 11357","-73.82897464065,40.791771923685","59700330","L","36","081","094500","1000"
"29-RC-167529","177 Livingston St., Or 120 Schermerhorn St. Brooklyn, NY, ","Match","Non_Exact","177 LIVINGSTON ST, BROOKLYN, NY, 11201","-73.986735349296,40.690083895552","59075339","L","36","047","003700","1005"
"32-RC-345982","1200 Arey Lane, In Pittsburg, CA, ","No_Match"
"29-RC-199108","135-30 140Th Street, Jamaica, NY, 11434","Match","Non_Exact","135-30 140TH ST, JAMAICA, NY, 11436","-73.798123220043,40.667523442408","59715247","R","36","081","079200","2006"
"29-RC-154232","972 Brush Hollow Road, Westbury, NY, 11729","Match","Non_Exact","972 BRUSH HOLLOW RD, WESTBURY, NY, 11590","-73.562334460597,40.772933305619","147625244","R","36","059","518501","1008"
"31-RC-139095","3828 Delmas Ter., Culver City, CA, ","Match","Exact","3828 DELMAS TER, CULVER CITY, CA, 90232","-118.397146436993,34.023069677386","241239583","L","06","037","702400","2006"
"29-RC-063516","180 Railroad Avenue, Center Moriches, NY, ","Match","Exact","180 RAILROAD AVE, CENTER MORICHES, NY, 11934","-72.790667271398,40.808537369448","114022369","R","36","103","159406","1017"
"29-RC-334942","335 Adams Street, Brooklyn, NY, ","Match","Exact","335 ADAMS ST, BROOKLYN, NY, 11201","-73.988814976227,40.692365420373","641018620","L","36","047","001100","1001"
"29-RC-080086","101 Hospital Road, Patchogue, NY, ","Match","Exact","101 HOSPITAL RD, PATCHOGUE, NY, 11772","-72.978165126072,40.78033948522","643034636","L","36","103","159110","1021"
"32-RC-346837","3485 Pacheco Blvd., Martinez, CA, ","Match","Exact","3485 PACHECO BLVD, MARTINEZ, CA, 94553","-122.105820816934,38.012293855692","607708602","L","06","013","320001","1067"
"32-RC-345505","2707 Mckee Road, San Jose, CA, 95127","Match","Exact","2707 MCKEE RD, SAN JOSE, CA, 95127","-121.842352771066,37.370622848407","657490187","L","06","085","503804","2004"
"31-RC-145771","4164 North 4Th Avenue, San Bernardino, CA, ","Match","Exact","4164 N 4TH AVE, SAN BERNARDINO, CA, 92407","-117.309346712168,34.171101864741","648099335","L","06","071","004507","2002"
"29-RC-121330","60 Broadway, Brooklyn, NY, 11211","Match","Non_Exact","60 BROADWAY, BROOKLYN, NY, 11249","-73.966558718963,40.710545340026","59076029","R","36","047","054900","1002"
"28-RC-170907","4139 Gila Ridge Road, Yuma, AZ, ","Match","Non_Exact","4139 E GILA RIDGE RD, YUMA, AZ, 85365","-114.562883508789,32.684041484944","650742114","R","04","027","011107","1001"
"32-RC-263986","1155 Merrill Street, Salinas, CA, ","Match","Exact","1155 MERRILL ST, SALINAS, CA, 93901","-121.634214394701,36.648854103961","657781040","L","06","053","014500","1046"
"31-RC-158717","2220 Colorado Ave, Santa Monica, CA, 90404","Match","Exact","2220 COLORADO AVE, SANTA MONICA, CA, 90404","-118.474628040745,34.027739230745","241239432","R","06","037","701801","4000"
"32-RC-215055","2950 Research Park, Soquel, CA, ","Match","Non_Exact","2950 RESEARCH PARK DR, SOQUEL, CA, 95073","-121.968491211234,36.986929385834","606004981","R","06","087","122005","2011"
"28-RC-157565","3400 S. Las Vegas Blvd., Las Vegas, NV, 89109","Match","Exact","3400 S LAS VEGAS BLVD, LAS VEGAS, NV, 89109","-115.17084343887,36.123298954903","641535313","R","32","003","006700","1001"
"32-RC-067288","530 Port Of Stockton Expressway, Stockton, CA, ","Match","Exact","530 PORT OF STOCKTON EXPY, STOCKTON, CA, 95203","-121.358706326778,37.943732230763","133931941","L","06","077","003900","1135"
"32-RC-292934","1955 41St Avenue, Capitola, CA, 95010","Match","Exact","1955 41ST AVE, CAPITOLA, CA, 95010","-121.965008037348,36.978051679021","605998177","L","06","087","121702","1009"
"32-RC-161229","504 W. 7Th Street, Hanford, CA, ","Match","Exact","504 W 7TH ST, HANFORD, CA, 93230","-119.652218899473,36.325677001901","197983490","L","06","031","000902","3029"
"32-RC-131809","1441 Florida Avenue, Modesto, CA, 95350","Match","Exact","1441 FLORIDA AVE, MODESTO, CA, 95350","-120.996283670051,37.664989056693","102603858","L","06","099","001300","1011"
"32-RC-184348","475 29Th Street, Oakland, CA, ","Match","Exact","475 29TH ST, OAKLAND, CA, 94609","-122.266059937686,37.817887842149","124996587","L","06","001","401300","3002"
"32-RC-292930","2770 S. California Street, Stockton, CA, 95206","Match","Non_Exact","2770 CALIFORNIA ST, STOCKTON, CA, 95206","-121.278845883798,37.92438417706","133852731","L","06","077","002300","2001"
"32-RC-253321","2150 Kittredge St., Berkeley, CA, ","Match","Exact","2150 KITTREDGE ST, BERKELEY, CA, 94704","-122.267100406534,37.868566915063","655811646","R","06","001","422902","2012"
"29-RC-140100","555 7Th Ave., Brooklyn, NY, ","Tie"
"32-RC-276440","4500 Jungo Road, Winnemucca, NV, ","Match","Exact","4500 JUNGO RD, WINNEMUCCA, NV, 89445","-117.756956011842,40.971140175814","170941443","R","32","013","010501","2532"
"28-RC-339239","1793 N 13Th St, Artesia, NM, ","Match","Exact","1793 N 13TH ST, ARTESIA, NM, 88210","-104.412779762562,32.859646376458","657030535","L","35","015","001002","1144"
"32-RC-195489","3350 Stevens Creek Blvd., San Jose, CA, ","Match","Exact","3350 STEVENS CREEK BLVD, SAN JOSE, CA, 95117","-121.957429856254,37.323135764741","122903848","L","06","085","506301","4002"
"32-RC-199842","1 Parr Boulevard, Richmond, CA, ","Match","Exact","1 PARR BLVD, RICHMOND, CA, 94801","-122.376253330274,37.967991534547","607878008","L","06","013","392201","1018"
"29-RC-094226","47-32 32Nd Pl., Long Island City, NY, ","Match","Exact","47-32 32ND PL, LONG ISLAND CITY, NY, 11101","-73.933211767283,40.742153108852","59692208","R","36","081","019901","2003"
"31-RC-313266","1480 Mountain View Ave., Redlands, CA, 92374","No_Match"
"31-RC-077630","2020 Steel Rd., Colton, CA, 92324","Match","Non_Exact","2020 E STEEL RD, COLTON, CA, 92324","-117.293071285236,34.061648552047","638010283","R","06","071","007110","2001"
"29-RC-096401","184-45 147Th Ave., Springfield Gardens, NY, ","Match","Exact","184-45 147TH AVE, SPRINGFIELD GARDENS, NY, 11413","-73.760518555559,40.65944212948","59720142","L","36","081","032000","4002"
"32-RC-219886","2880 Soquel Avenue, Santa Cruz, CA, ","Match","Exact","2880 SOQUEL AVE, SANTA CRUZ, CA, 95062","-121.986850111712,36.985911625593","125507328","R","06","087","121401","1005"
"28-RC-240844","1100 Montana Avenue, El Paso, TX, ","Match","Exact","1100 MONTANA AVE, EL PASO, TX, 79902","-106.483539786335,31.769039103504","189341275","R","48","141","002202","4003"
"29-RC-154735","652 Kent Avenue, Brooklyn, NY, ","Match","Exact","652 KENT AVE, BROOKLYN, NY, 11249","-73.963562795335,40.701213915739","59077808","R","36","047","054300","1004"
"32-RC-067297","1720 E. Hatch Road, Manteca, CA, ","No_Match"
"31-RC-293206","12393 Locust Ave., Victorville, CA, ","Tie"
"29-RC-241161","31-43 Vernon Boulevard, Long Island City, NY, 11106","Match","Exact","31-43 VERNON BLVD, LONG ISLAND CITY, NY, 11106","-73.935770538804,40.768441020684","59696111","L","36","081","008100","1008"
"29-RC-282949","845 South 1St Street, Ronkonkoma, NY, ","Match","Exact","845 S 1ST ST, RONKONKOMA, NY, 11779","-73.117236500518,40.798982158944","647300656","L","36","103","146618","4011"
"29-RC-081396","9530 Church Avenue, Brooklyn, NY, ","Match","Exact","9530 CHURCH AVE, BROOKLYN, NY, 11212","-73.91599141651,40.655277973462","59084046","R","36","047","089000","5001"
"32-RC-255506","3108 Alum Rock Avenue, San Jose, CA, ","Match","Exact","3108 ALUM ROCK AVE, SAN JOSE, CA, 95127","-121.827621295489,37.365850903793","122912931","R","06","085","504101","2006"
"32-RC-085942","1345 Vander Way, San Jose, CA, ","Match","Exact","1345 VANDER WAY, SAN JOSE, CA, 95112","-121.895928249216,37.369475962393","122907027","R","06","085","504318","1018"
"29-RC-279302","177 Livingston Street, Brooklyn, NY, ","Match","Exact","177 LIVINGSTON ST, BROOKLYN, NY, 11201","-73.986735349296,40.690083895552","59075339","L","36","047","003700","1005"
"28-RC-236343","3131 Las Vegas Boulevard South, Las Vegas, NV, ","Match","Exact","3131 LAS VEGAS BLVD S, LAS VEGAS, NV, 89109","-115.166285934604,36.129906994937","201984909","L","32","003","002302","1015"
"32-RC-205253","2105 Forest Avenue, In San Jose, CA, ","Match","Non_Exact","2105 FOREST AVE, SAN JOSE, CA, 95128","-121.937184461366,37.32711135436","122902976","R","06","085","500500","5013"
"29-RC-102291","848 Utica Avenue, Brooklyn, NY, ","Match","Exact","848 UTICA AVE, BROOKLYN, NY, 11203","-73.930539693867,40.65250479795","59083562","R","36","047","086800","3003"
"32-RC-354394","695 Coleman Ave, San Jose, CA, 95110","Match","Exact","695 COLEMAN AVE, SAN JOSE, CA, 95110","-121.910848495133,37.34221040814","122903684","L","06","085","500300","1026"
"32-RC-319160","4704 Fite Court, Stockton, CA, 95215","Match","Exact","4704 FITE CT, STOCKTON, CA, 95215","-121.208254534426,37.908123772881","133893296","R","06","077","003700","3018"
"31-RC-143207","1400 S. Shamrock Ave., Monrovia, CA, 91016","Match","Exact","1400 S SHAMROCK AVE, MONROVIA, CA, 91016","-117.990702714155,34.137737936796","141647269","L","06","037","431100","1015"
"32-RC-216368","1820 10Th Street, Oakland, CA, ","Match","Exact","1820 10TH ST, OAKLAND, CA, 94607","-122.301724597114,37.811180587245","124995174","R","06","001","401700","1002"
"31-RC-143203","1400 S. Shamrock Ave., Monrovia, CA, 91016","Match","Exact","1400 S SHAMROCK AVE, MONROVIA, CA, 91016","-117.990702714155,34.137737936796","141647269","L","06","037","431100","1015"
"29-RC-301684","416 Miller Place-Yaphank Road, Miller Place, NY, 11764","Match","Exact","416 MILLER PLACE-YAPHANK RD, MILLER PLACE, NY, 11764","-72.964433892382,40.911959285406","653462922","R","36","103","158328","3013"
"31-RC-087416","3000 North Hollywood Way, Burbank, CA, ","Match","Exact","3000 N HOLLYWOOD WAY, BURBANK, CA, 91505","-118.348672967121,34.203059213337","142723625","R","06","037","310501","2002"
"31-RC-245150","23551 Magic Mountain Parkway, Valencia, CA, 91355","Match","Exact","23551 MAGIC MOUNTAIN PKWY, VALENCIA, CA, 91355","-118.546740541831,34.415145251153","142830643","L","06","037","920115","3021"
"29-RC-177400","1181 East New York Avenue, Brooklyn, NY, 11212","Match","Exact","1181 E NEW YORK AVE, BROOKLYN, NY, 11212","-73.923252995584,40.666942687488","652212206","L","36","047","035900","4002"
"32-RC-211912","6351 Cameron Blvd., Gilroy, CA, ","No_Match"
"32-RC-233742","26660 Patrick Avenue, Hayward, CA, ","Match","Exact","26660 PATRICK AVE, HAYWARD, CA, 94544","-122.080700696224,37.640110471134","125021764","L","06","001","437600","1000"
"29-RC-159174","135-30 140Th Street, Jamaica, NY, ","Match","Exact","135-30 140TH ST, JAMAICA, NY, 11436","-73.798123220043,40.667523442408","59715247","R","36","081","079200","2006"
"29-RC-255349","777 And 1000 Zeckendorf Boulevard, Garden City, NY, ","Match","Non_Exact","777 ZECKENDORF BLVD, GARDEN CITY, NY, 11530","-73.60615558959,40.739157382665","147627020","L","36","059","407301","2015"
"29-RC-355031","3285 Richmond Avenue, Staten Island, NY, ","Tie"
"32-RC-325844","1298 S Walnut Rd, Turlock, CA, 95380","Match","Exact","1298 S WALNUT RD, TURLOCK, CA, 95380","-120.867150553457,37.480526279569","102623720","L","06","099","003700","1014"
"29-RC-189873","180 Nassau Street, Brooklyn, NY, ","Match","Exact","180 NASSAU ST, BROOKLYN, NY, 11201","-73.984532117672,40.698372412819","59075135","R","36","047","001501","1001"
"32-RC-286237","1080 Walsh Avenue, Santa Clara, CA, ","Match","Exact","1080 WALSH AVE, SANTA CLARA, CA, 95050","-121.951853153426,37.369701760364","655817142","L","06","085","505202","2054"
"31-RC-293662","8274 Sunland Blvd., Sun Valley, CA, 91352","Match","Exact","8274 SUNLAND BLVD, SUN VALLEY, CA, 91352","-118.367399374303,34.220965154782","141586701","R","06","037","122200","2005"
"29-RC-104015","5812 Glenwood Rd., Brooklyn, NY, 11234","Match","Exact","5812 GLENWOOD RD, BROOKLYN, NY, 11234","-73.920247733217,40.633504230885","59102419","R","36","047","072200","1001"
"32-RC-322322","4704 Fite Court, Stockton, CA, 95215","Match","Exact","4704 FITE CT, STOCKTON, CA, 95215","-121.208254534426,37.908123772881","133893296","R","06","077","003700","3018"
"31-RC-108455","2101 N. Waterman Ave., San Bernardino, CA, 92404","Match","Exact","2101 N WATERMAN AVE, SAN BERNARDINO, CA, 92404","-117.278707249671,34.134109375887","144655170","R","06","071","006301","1004"
"29-RC-175237","1133 Forest Hill Road, Staten Island, NY, ","Match","Exact","1133 FOREST HILL RD, STATEN ISLAND, NY, 10314","-74.143658675982,40.593649574371","658204367","L","36","085","027302","2003"
"29-RC-257999","100-00 Beach Channel Drive, Rockaway Park, NY, ","No_Match"
"31-RC-292337","1600 California Ave, Monrovia, CA, 91016","Match","Non_Exact","1600 S CALIFORNIA AVE, MONROVIA, CA, 91016","-117.994976945651,34.134289679362","141646801","L","06","037","431100","1022"
"32-RC-221705","219 N. Center Street, Reno, NV, ","Match","Exact","219 N CENTER ST, RENO, NV, 89501","-119.812127389976,39.527416847144","647869502","L","32","031","000106","2007"
"28-RC-308978","3000 S. Las Vegas Blvd, Las Vegas, NV, ","Match","Non_Exact","3000 LAS VEGAS BLVD S, LAS VEGAS, NV, 89109","-115.163792046457,36.133960579383","201869823","R","32","003","002302","1004"
"31-RC-175197","300 N. Harbor Drive, Redondo Beach, CA, 90277","Match","Exact","300 N HARBOR DR, REDONDO BEACH, CA, 90277","-118.392100797353,33.843823491027","641474185","R","06","037","621204","3004"
"31-RC-284711","2005 N. Highland Avenue, Los Angeles, CA, 90068","Match","Exact","2005 N HIGHLAND AVE, LOS ANGELES, CA, 90068","-118.337385854259,34.107771228934","141594532","L","06","037","189702","2007"
"29-RC-085727","130 New Highway And 166 New Highway, Amityville, NY, ","Match","Non_Exact","130 NEW HWY, AMITYVILLE, NY, 11701","-73.398948803692,40.70490900726","634255951","R","36","103","123204","3012"
"32-RC-292917","2930 Lakeshore Ave., Oakland, CA, ","Match","Exact","2930 LAKESHORE AVE, OAKLAND, CA, 94610","-122.248484254706,37.808578978919","631061261","L","06","001","405200","4006"
"29-RC-185029","276 Stagg Street, Brooklyn, NY, ","Match","Exact","276 STAGG ST, BROOKLYN, NY, 11206","-73.938120717684,40.70995408711","59077350","R","36","047","048500","1011"
"32-RC-284066","5463 Cherokee Road, Ca And 12659 Road 25 Madera, CA, ","No_Match"
"29-RC-335432","73-10 88Th Street, Glendale, NY, ","Match","Exact","73-10 88TH ST, GLENDALE, NY, 11385","-73.863492151206,40.7087810882","59705485","R","36","081","063700","3000"
"31-RC-136905","13950 Magnolia Avenue, Chino, CA, ","Match","Exact","13950 MAGNOLIA AVE, CHINO, CA, 91710","-117.671651243114,34.000139065316","144732851","R","06","071","000504","2012"
"31-RC-339401","2501 N. Hollywood Way, Burbank, CA, 91505","Match","Exact","2501 N HOLLYWOOD WAY, BURBANK, CA, 91505","-118.349085045962,34.193856018984","142725511","L","06","037","980001","1004"
"31-RC-223789","5051 Verdugo Way, Camarillo, CA, 93012","Match","Exact","5051 VERDUGO WAY, CAMARILLO, CA, 93012","-119.001946326289,34.214843760995","109961692","R","06","111","005304","2022"
"28-RC-327203","657 North Town Center Drive, Las Vegas, NV, ","Match","Exact","657 N TOWN CENTER DR, LAS VEGAS, NV, 89144","-115.316923482526,36.179002865715","201903421","L","32","003","003222","3008"
"29-RC-155636","2011 Northern Boulevard, Manhasset, NY, ","Match","Exact","2011 NORTHERN BLVD, MANHASSET, NY, 11030","-73.673654464437,40.796148343524","657136512","L","36","059","301700","1017"
"32-RC-326710","3470 Buskirk Ave, Pleasant Hill, CA, 94523","Match","Exact","3470 BUSKIRK AVE, PLEASANT HILL, CA, 94523","-122.059546396187,37.938682580205","192054050","R","06","013","324004","2013"
"29-RC-073738","101 Hospital Road, Patchogue, NY, 11772","Match","Exact","101 HOSPITAL RD, PATCHOGUE, NY, 11772","-72.978165126072,40.78033948522","643034636","L","36","103","159110","1021"
"29-RC-266498","506 6Th Street, In Brooklyn, NY, ","Match","Non_Exact","506 6TH ST, BROOKLYN, NY, 11215","-73.979709664276,40.668465780924","59078165","R","36","047","015300","1001"
"29-RC-323894","299 Feldman Ct, Bayshore, NY, ","No_Match"
"32-RC-217273","2240 Tully Road, San Jose, CA, ","Match","Exact","2240 TULLY RD, SAN JOSE, CA, 95122","-121.817128092365,37.328224837905","657492017","R","06","085","503305","3005"
"29-RC-139154","3131 Nesconset Hwy, Centereach, NY, ","Match","Exact","3131 NESCONSET HWY, CENTEREACH, NY, 11720","-73.098039442795,40.888094680907","638167406","R","36","103","158108","2009"
"32-RC-253760","189 Stauffer Blvd., San Jose, CA, ","Match","Exact","189 STAUFFER BLVD, SAN JOSE, CA, 95125","-121.871168987888,37.305043312343","122987997","L","06","085","503121","1000"
"29-RC-140143","1175 Gates Avenue, Brooklyn, NY, ","Match","Exact","1175 GATES AVE, BROOKLYN, NY, 11221","-73.919836884693,40.691861635183","59082987","L","36","047","039900","3001"
"32-RC-334333","5 Nielson St., Watsonville, CA, 95076","Match","Non_Exact","5 NEILSON ST, WATSONVILLE, CA, 95076","-121.791156401959,36.928265222457","636417025","L","06","087","110601","1013"
"29-RC-141477","43-27 33Rd Street, Long Island City, NY, ","Match","Exact","43-27 33RD ST, LONG ISLAND CITY, NY, 11101","-73.931349728627,40.745952046408","59692361","L","36","081","017902","1012"
"31-RC-182755","120 Colorado Ave, Santa Monica, CA, ","Match","Exact","120 COLORADO AVE, SANTA MONICA, CA, 90401","-118.494589972217,34.011577226849","241239324","R","06","037","701902","3014"
"32-RC-349835","4704 Fite Court, Stockton, CA, 95215","Match","Exact","4704 FITE CT, STOCKTON, CA, 95215","-121.208254534426,37.908123772881","133893296","R","06","077","003700","3018"
"31-RC-352436","42138 7Th Street W., Lancaster, CA, 93534","Match","Exact","42138 7TH ST W, LANCASTER, CA, 93534","-118.143141543566,34.64925670385","657191770","R","06","037","900704","2011"
"28-RC-327218","5165 W. Sunset Road, Las Vegas, NV, ","Match","Exact","5165 W SUNSET RD, LAS VEGAS, NV, 89118","-115.212600780433,36.071489655097","630145538","L","32","003","002962","1079"
"29-RC-095510","4468 Vernon Boulevard, Long Island City, NY, ","Match","Exact","44-68 VERNON BLVD, LONG ISLAND CITY, NY, 11101","-73.952282898767,40.748922921833","59691857","R","36","081","000103","1003"
"31-RC-124917","1246 West 155Th Street, Gardena, CA, ","Match","Exact","1246 W 155TH ST, GARDENA, CA, 90247","-118.297553012853,33.890448798891","641503653","L","06","037","603101","3006"
"32-RC-321497","1569 Alvarado Street, San Leandro, CA, 94577","Match","Exact","1569 ALVARADO ST, SAN LEANDRO, CA, 94577","-122.161689069692,37.719757248829","125054620","L","06","001","432501","2000"
"29-RC-073729","328-332 Linden Street, Brooklyn, NY, 11237","Tie"
"32-RC-069037","645 North Arlington Avenue, Reno, NV, ","Match","Exact","645 N ARLINGTON AVE, RENO, NV, 89503","-119.819232748863,39.532352329997","107042951","L","32","031","000103","1014"
"32-RC-337837","1115 H Street, East/West And Units 1 & 2 200 East Hackett Rd. Modesto, CA, 95358","No_Match"
"29-RC-122717","148 39Th Avenue, Brooklyn, NY, ","Match","Non_Exact","148 39TH ST, BROOKLYN, NY, 11232","-74.011684179616,40.655920933858","59093567","R","36","047","001802","1011"
"32-RC-314737","420 N Wiget Lane, Walnut Creek, CA, 94598","Match","Exact","420 N WIGET LN, WALNUT CREEK, CA, 94598","-122.028920408134,37.929412452337","192056862","R","06","013","338201","2011"
"32-RC-194187","19929 Greenley Road, Sonora, CA, ","No_Match"
"32-RC-197210","7409 W. Central Avenue, Fresno, CA, ","Match","Exact","7409 W CENTRAL AVE, FRESNO, CA, 93706","-119.924451468838,36.677108162916","197636618","L","06","019","007600","1003"
"29-RC-255357","777 And 1000 Zeckendorf Boulevard, Garden City, NY, ","Match","Non_Exact","777 ZECKENDORF BLVD, GARDEN CITY, NY, 11530","-73.60615558959,40.739157382665","147627020","L","36","059","407301","2015"
"29-RC-271860","684 Myrtle Avenue, In Brooklyn, NY, ","Match","Non_Exact","684 MYRTLE AVE, BROOKLYN, NY, 11205","-73.956406417165,40.694492819761","59078629","R","36","047","023500","2000"
"32-RC-325858","1 Technology Drive, Milpitas, CA, 95035","Match","Exact","1 TECHNOLOGY DR, MILPITAS, CA, 95035","-121.922084107886,37.420978019464","123005991","L","06","085","505006","1010"
"29-RC-255353","777 And 1000 Zeckendorf Boulevard, Garden City, NY, ","Match","Non_Exact","777 ZECKENDORF BLVD, GARDEN CITY, NY, 11530","-73.60615558959,40.739157382665","147627020","L","36","059","407301","2015"
"32-RC-262232","1230 N. Anderson Rd., Exeter, CA, ","Match","Exact","1230 N ANDERSON RD, EXETER, CA, 93221","-119.171431218149,36.305503042015","202765242","R","06","107","001501","3003"
"32-RC-264441","3600 West Canal Drive, Turlock, CA, ","No_Match"
"31-RC-140136","1818 Verdugo Boulevard, Glendale, CA, 91208","Match","Non_Exact","1818 N VERDUGO RD, GLENDALE, CA, 91208","-118.226019282926,34.174444075096","142730485","R","06","037","300800","1004"
"31-RC-194755","525 East Plaza Drive, Santa Maria, CA, ","Match","Non_Exact","525 PLAZA DR, SANTA MARIA, CA, 93456","-120.428563166103,34.937375154709","108595558","L","06","083","002103","3015"
"31-RC-140133","265 S Rancho Road, Thousand Oaks, CA, ","Match","Non_Exact","265 RANCHO RD, THOUSAND OAKS, CA, 91362","-118.857633268711,34.182193121945","110052400","L","06","111","007201","2009"
"31-RC-194754","1911 Johnson Avenue, San Luis Obispo, CA, 93401","Match","Exact","1911 JOHNSON AVE, SAN LUIS OBISPO, CA, 93401","-120.64983724368,35.278181369278","655803498","L","06","079","011002","1019"
"32-RC-106833","25001 Industrial Boulevard, Hayward, CA, 94545","Match","Exact","25001 INDUSTRIAL BLVD, HAYWARD, CA, 94545","-122.117271425528,37.638517451127","633933366","R","06","001","437101","4046"
"32-RC-313898","2530 San Pablo Avenue, Berkeley, CA, 94702","Match","Exact","2530 SAN PABLO AVE, BERKELEY, CA, 94702","-122.28950439318,37.860408155658","124994091","R","06","001","422000","1031"
"32-RC-313417","543 Parrott Street, San Jose, CA, 95377","Match","Non_Exact","543 PARROTT ST, SAN JOSE, CA, 95112","-121.850227967128,37.308619654574","122914186","L","06","085","503122","1027"
"32-RC-353071","974 E Arques Ave, Mountain View, CA, ","No_Match"
"32-RC-175455","2375 Polovarsa Drive, San Leandro, CA, 94577","No_Match"
"29-RC-119522","2 At John F. Kennedy International Airport, Jamaica, NY, ","Tie"
"31-RC-171642","8928 Sepulveda Blvd, North Hills, CA, 91343","Match","Exact","8928 SEPULVEDA BLVD, NORTH HILLS, CA, 91343","-118.467452963239,34.232453665377","141548961","R","06","037","117510","1000"
"29-RC-188987","25-10 30Th Avenue, Queens, NY, 11102","Match","Non_Exact","25-10 30TH AVE, ASTORIA, NY, 11102","-73.924768814931,40.768407012682","59726802","R","36","081","007300","1001"
"31-RC-188074","240 S. Glenn Dr., Camarillo, CA, 93010","Match","Non_Exact","240 GLENN DR, CAMARILLO, CA, 93010","-119.037729877559,34.218846552037","109961085","R","06","111","005403","1030"
"29-RC-104062","139 Flatbush Avenue, Brooklyn, NY, ","Match","Exact","139 FLATBUSH AVE, BROOKLYN, NY, 11217","-73.977425085286,40.684128296853","59077630","L","36","047","003500","1003"
"29-RC-133816","447 Doughty Boulevard, Inwood, NY, ","Match","Exact","447 DOUGHTY BLVD, INWOOD, NY, 11096","-73.746812710694,40.624005602241","147657047","L","36","059","411000","5001"
"32-RC-117961","1555 Soquel Drive, Santa Cruz, CA, 95126","Match","Non_Exact","1555 SOQUEL DR, SANTA CRUZ, CA, 95065","-121.984356829024,36.988232879582","606001915","L","06","087","121300","1003"
"31-RC-222005","10252 Norris Avenue, Pacoima, CA, 91331","Match","Exact","10252 NORRIS AVE, PACOIMA, CA, 91331","-118.401819945003,34.256197363268","142039604","R","06","037","104703","1000"
"29-RC-154753","184-15 147Th Avenue, Springfield Gardens, NY, ","Match","Exact","184-15 147TH AVE, SPRINGFIELD GARDENS, NY, 11413","-73.76086641829,40.659461590346","59720142","L","36","081","032000","4002"
"31-RC-108890","2059 East Steel Road, Colton, CA, ","Match","Exact","2059 E STEEL RD, COLTON, CA, 92324","-117.292221297219,34.061930058215","638010283","L","06","071","007110","2000"
"28-RC-215005","5050 Koval Lane, Las Vegas, NV, 89119","Match","Exact","5050 KOVAL LN, LAS VEGAS, NV, 89119","-115.163772792218,36.099052039407","201869970","L","32","003","006800","4000"
"28-RC-347269","1110 S. Main Street, Roswell, NM, ","Tie"
"32-RC-189621","2600 Pacheco Blvd, Martinez, CA, ","Match","Exact","2600 PACHECO BLVD, MARTINEZ, CA, 94553","-122.11646231896,38.012324869416","607708927","R","06","013","319001","2014"
"28-RC-304577","6625 Bluewater Road N, Albuquerque, NM, 87121","Match","Non_Exact","6625 BLUEWATER RD NW, ALBUQUERQUE, NM, 87121","-106.712679802329,35.086301574228","631992791","R","35","001","004760","2000"
"29-RC-141437","703 Third Avenue, Brooklyn, NY, ","Match","Exact","703 3RD AVE, BROOKLYN, NY, 11232","-73.998181918856,40.663139776206","59075512","L","36","047","014500","3001"
"32-RC-206125","1425 Maritime St., Oakland, CA, 94607","Match","Exact","1425 MARITIME ST, OAKLAND, CA, 94607","-122.309493952367,37.814170487583","657834662","R","06","001","401700","3023"
"32-RC-335673","970 E. Continental Ave., Tulare, CA, 93274","Match","Exact","970 E CONTINENTAL AVE, TULARE, CA, 93274","-119.332028293097,36.185807345899","202784515","L","06","107","002901","2115"
"29-RC-096814","112-09 14Th Avenue, College Point, NY, ","Match","Exact","112-09 14TH AVE, COLLEGE POINT, NY, 11356","-73.854116000318,40.785756948385","59699533","L","36","081","092900","1001"
"32-RC-090076","125 S. Verguda Road, Turlock, CA, ","No_Match"
"29-RC-067011","6581 Hylan Boulevard, Staten Island, NY, ","No_Match"
"31-RC-144958","2121 Santa Monica Blvd., Santa Monica, CA, ","No_Match"
"29-RC-289979","630 Flushing Avenue, Brooklyn, NY, ","Match","Exact","630 FLUSHING AVE, BROOKLYN, NY, 11206","-73.948197587235,40.699942576682","641039098","R","36","047","025700","3001"
"29-RC-084828","101 Hospital Road, Patchogue, NY, ","Match","Exact","101 HOSPITAL RD, PATCHOGUE, NY, 11772","-72.978165126072,40.78033948522","643034636","L","36","103","159110","1021"
"32-RC-211530","3400 E. 12Th Street, Oakland, CA, ","Match","Exact","3400 E 12TH ST, OAKLAND, CA, 94601","-122.223928315919,37.77605655167","606127028","L","06","001","406100","1020"
"32-RC-337406","225 Linus Pauling Dr., Hercules, CA, 94547","Match","Exact","225 LINUS PAULING DR, HERCULES, CA, 94547","-122.273973204991,38.023178756476","655814796","L","06","013","392300","1011"
"31-RC-116480","505 South Vermont Avenue, Los Angeles, CA, ","Match","Exact","505 S VERMONT AVE, LOS ANGELES, CA, 90020","-118.291718647946,34.06529450598","141604989","R","06","037","212101","2000"
"32-RC-259953","350 Hegenberger Rd, Oakland, CA, ","Match","Non_Exact","350 HEGENBERGER, OAKLAND, CA, 94621","-122.19709841238,37.735579773993","653158687","L","06","001","409000","3036"
"31-RC-144957","100302 Yates Well Road, Nipton, CA, ","No_Match"
"29-RC-149794","888 Old Country Road, Plainview, NY, 11802","Match","Non_Exact","888 OLD COUNTRY RD, PLAINVIEW, NY, 11803","-73.477946686604,40.774545107343","147642769","L","36","059","519704","3006"
"31-RC-133823","312 North Spring Street, Los Angeles, CA, 90012","Match","Exact","312 N SPRING ST, LOS ANGELES, CA, 90012","-118.242404057077,34.055043069257","141618108","R","06","037","207400","1020"
"31-RC-093728","3455 E. Highland Ave., Highland, CA, ","Match","Exact","3455 E HIGHLAND AVE, HIGHLAND, CA, 92346","-117.211907924152,34.135720392522","144732361","R","06","071","007410","4000"
"29-RC-349213","893 Shepherd Avenue, Brooklyn, NY, ","Match","Exact","893 SHEPHERD AVE, BROOKLYN, NY, 11208","-73.875259448941,40.662646793536","59085678","L","36","047","111600","2023"
"32-RC-071713","1345 Vander Way, San Jose, CA, ","Match","Exact","1345 VANDER WAY, SAN JOSE, CA, 95112","-121.895928249216,37.369475962393","122907027","R","06","085","504318","1018"
"29-RC-233946","79-01 Broadway, Elmhurst, NY, ","No_Match"
"32-RC-313444","715 N. Divisadero Street, Visalia, CA, 93291","Match","Non_Exact","715 DIVISADERO ST, VISALIA, CA, 93291","-119.310031649785,36.335588971098","202779846","L","06","107","001102","2009"
"31-RC-109728","14326 Monte Vista Avenue, Chino, CA, ","Match","Exact","14326 MONTE VISTA AVE, CHINO, CA, 91710","-117.697760010101,33.993172517461","144677993","R","06","071","000504","3021"
"28-RC-318709","2001 East Lake Mead Boulevard, North Las Vegas, NV, ","Match","Exact","2001 E LAKE MEAD BLVD, NORTH LAS VEGAS, NV, 89030","-115.120617275005,36.195760150036","201868218","R","32","003","004000","1000"
"29-RC-149789","900 Franklin Avenue, Valley Stream, NY, 11580","Match","Exact","900 FRANKLIN AVE, VALLEY STREAM, NY, 11580","-73.685778053862,40.681668831375","639353741","R","36","059","410000","3014"
"29-RC-275347","50 Snediker Avenue, Bronx, NY, ","No_Match"
"29-RC-099421","10 Nevada Drive, New Hyde Park, NY, ","Match","Exact","10 NEVADA DR, NEW HYDE PARK, NY, 11042","-73.694308539034,40.760722682882","647036784","R","36","059","300901","3016"
"29-RC-149788","269-01 76Th Avenue, New Hyde Park, NY, 11040","Match","Exact","269-01 76TH AVE, NEW HYDE PARK, NY, 11040","-73.707509262689,40.752774520147","59724523","L","36","081","155104","2000"
"29-RC-152948","420 Lakeville Road, New Hyde Park, NY, ","Tie"
"32-RC-268895","901 N Carpenter Road, Modesto, CA, ","Match","Exact","901 N CARPENTER RD, MODESTO, CA, 95351","-121.030392459901,37.647212695959","102618173","L","06","099","000602","2021"
"29-RC-315422","1216 Bay Street, Staten Island, NY, ","Match","Exact","1216 BAY ST, STATEN ISLAND, NY, 10305","-74.065893016578,40.613642194454","59869862","R","36","085","000800","2000"
"28-RC-264884","11339 Ssg Sims Street E, L Paso, TX, ","No_Match"
"31-RC-249910","300 North Harbor Drive, Redondo Beach, CA, 90277","Match","Exact","300 N HARBOR DR, REDONDO BEACH, CA, 90277","-118.392100797353,33.843823491027","641474185","R","06","037","621204","3004"
"32-RC-323265","245 W. Jackson St., Hayward, CA, 94544","Match","Exact","245 W JACKSON ST, HAYWARD, CA, 94544","-122.090423469969,37.651591851838","125020874","R","06","001","436800","1009"
"29-RC-220637","2900 Bragg Street, Brooklyn, NY, ","Match","Exact","2900 BRAGG ST, BROOKLYN, NY, 11235","-73.933050853251,40.584049804357","635467812","R","36","047","062200","2002"
"32-RC-255130","1090 Concord Avenue, Concord, CA, ","Match","Exact","1090 CONCORD AVE, CONCORD, CA, 94520","-122.059252784139,37.978675639933","644404312","R","06","013","327001","2041"
"32-RC-346345","1521 Airport Blvd., San Jose, CA, 95110","Match","Exact","1521 AIRPORT BLVD, SAN JOSE, CA, 95110","-121.920179080265,37.363476386989","640873125","L","06","085","505100","2022"
"32-RC-178083","8418 South Lac Jac Avenue, Parlier, CA, ","Match","Exact","8418 S LAC JAC AVE, PARLIER, CA, 93648","-119.484223061737,36.613004524537","197593438","L","06","019","006802","3044"
"32-RC-316964","450 Jane Stanford Way, Stanford, CA, ","No_Match"
"32-RC-313452","511 Main Street, Pleasanton, CA, 94566","Match","Exact","511 MAIN ST, PLEASANTON, CA, 94566","-121.875865833974,37.660655176375","125032522","L","06","001","450607","2017"
"31-RC-171204","1157 China Grade Loop, Bakersfield, CA, 93308","Match","Exact","1157 CHINA GRADE LP, BAKERSFIELD, CA, 93308","-118.999734256473,35.426778952313","640633969","R","06","029","005103","1041"
"31-RC-180152","10281 West Pico Blvd., Los Angeles, CA, ","Match","Exact","10281 W PICO BLVD, LOS ANGELES, CA, 90064","-118.413183002795,34.048602638962","141571654","R","06","037","267902","3005"
"32-RC-244474","5480 Monterey Road, Gilroy, CA, 95020","Match","Exact","5480 MONTEREY RD, GILROY, CA, 95020","-121.55764619713,36.986652246875","618202204","R","06","085","512602","1057"
"28-RC-162544","3950 Las Vegas Boulevard South, Las Vegas, NV, 89119","Match","Exact","3950 LAS VEGAS BLVD S, LAS VEGAS, NV, 89119","-115.17295369146,36.093410381147","201870511","R","32","003","006800","4033"
"31-RC-224610","10400 Rancho Road, Adelanto, CA, 92301","Match","Exact","10400 RANCHO RD, ADELANTO, CA, 92301","-117.438987836132,34.557685337195","637795270","L","06","071","009133","3134"
"29-RC-102231","277 North 8Th Street, Brooklyn, NY, ","Match","Exact","277 N 8TH ST, BROOKLYN, NY, 11211","-73.952694976203,40.715699533977","59076660","L","36","047","051900","1011"
"32-RC-266256","1298 South Walnut Rd., Turlock, CA, 95380","Match","Exact","1298 S WALNUT RD, TURLOCK, CA, 95380","-120.867150553457,37.480526279569","102623720","L","06","099","003700","1014"
"29-RC-287787","700 Pacific Street, Brooklyn, NY, ","Match","Exact","700 PACIFIC ST, BROOKLYN, NY, 11238","-73.970797406791,40.681550243818","59077743","R","36","047","016300","2000"
"32-RC-290341","3089 Teagarden Street, San Leandro, CA, 94577","Match","Non_Exact","3089 TEAGARDEN RD, SAN LEANDRO, CA, 94577","-122.15255069876,37.705569309561","606263859","R","06","001","433200","4011"
"31-RC-192123","19770 Cajon Boulevard, San Bernardino, CA, ","Match","Exact","19770 CAJON BLVD, SAN BERNARDINO, CA, 92407","-117.374883906504,34.196688622083","648098391","L","06","071","002706","1083"
"29-RC-328752","325 Lafayette Avenue, Brooklyn, NY, 11238","Match","Exact","325 LAFAYETTE AVE, BROOKLYN, NY, 11238","-73.962616175966,40.688634222889","650066886","L","36","047","019300","4001"
"31-RC-254019","4781 Shipside Rd., Port Hueneme, CA, 93043","No_Match"
"32-RC-106465","2266 Kitty Hawk Road And 2232 Kitty Hawk Road, In Livermore, CA, ","Match","Non_Exact","2266 KITTY HAWK RD, LIVERMORE, CA, 94551","-121.808051762373,37.700275972454","640801579","R","06","001","451300","3024"
"34-RC-080210","482 Greenwich Avenue, New Haven, CT, ","Match","Exact","482 GREENWICH AVE, NEW HAVEN, CT, 06519","-72.933719043039,41.290634705863","3700903","L","09","009","140400","1007"
"31-RC-086154","17035 D Street, Adelanto, CA, 92301","No_Match"
"28-RC-276868","6226 West Sahara Avenue, Las Vegas, NV, ","Match","Exact","6226 W SAHARA AVE, LAS VEGAS, NV, 89146","-115.228471483209,36.144304246589","201990853","R","32","003","002905","2000"
"32-RC-269762","2210 Arrants Street, Selma, CA, 93662","Match","Exact","2210 ARRANTS ST, SELMA, CA, 93662","-119.614344391155,36.570787263006","197588784","R","06","019","007002","3022"
"32-RC-345072","1521 Airport Blvd., San Jose, CA, 95110","Match","Exact","1521 AIRPORT BLVD, SAN JOSE, CA, 95110","-121.920179080265,37.363476386989","640873125","L","06","085","505100","2022"
"32-RC-005836","3107 M Street, Merced, CA, ","Match","Exact","3107 M ST, MERCED, CA, 95348","-120.478485108074,37.320239032493","125281512","L","06","047","001004","1002"
"31-RC-183203","2233 N. Ontario St., Burbank, CA, 91505","Match","Non_Exact","2233 N ONTARIO ST, BURBANK, CA, 91504","-118.344613200466,34.193401660737","142725524","L","06","037","310501","2008"
"32-RC-323289","1447 Mariani Court, Tracy, CA, 95376","Match","Exact","1447 MARIANI CT, TRACY, CA, 95376","-121.413391759046,37.74353094748","133916278","R","06","077","005214","2007"
"32-RC-348107","800 Maude Avenue, Mountain View, CA, 94043","No_Match"
"29-RC-300373","1515 Stewart Avenue, Westbury, NY, 11590","Match","Exact","1515 STEWART AVE, WESTBURY, NY, 11590","-73.572265905023,40.737598332884","147632012","L","36","059","407600","2010"
"31-RC-195666","22906 Frampton Avenue, Torrance, CA, ","Match","Exact","22906 FRAMPTON AVE, TORRANCE, CA, 90501","-118.299504132494,33.818254723753","141668690","L","06","037","293205","1009"
"32-RC-275157","122 In Hanger 1 At The Naval Air St, Lemoore, CA, ","No_Match"
"32-RC-276000","2140 West Industrial Ave., Madera, CA, 93637","Match","Exact","2140 W INDUSTRIAL AVE, MADERA, CA, 93637","-120.086324422762,36.949896667424","636413650","R","06","039","000702","4020"
"32-RC-336111","1313 Ninth Ave., Berkeley, CA, 94710","Match","Non_Exact","1313 9TH ST, BERKELEY, CA, 94710","-122.297897899482,37.879739473228","606275595","L","06","001","422000","2016"
"31-RC-351509","7336 Bellaire Ave., North Hollywood, CA, 91605","Match","Exact","7336 BELLAIRE AVE, NORTH HOLLYWOOD, CA, 91605","-118.40935449467,34.204568194732","141552619","R","06","037","121600","2012"
"29-RC-201980","40-40 172Nd Street, Flushing, NY, ","Match","Exact","40-40 172ND ST, FLUSHING, NY, 11358","-73.794267496915,40.760027297226","59702435","R","36","081","117500","3008"
"32-RC-254227","1 Park Blvd., Richmond, CA, 94806","No_Match"
"32-RC-336115","3421 Deer Valley Rd., Antioch, CA, 94531","No_Match"
"32-RC-164770","1224 Rossmoor Parkway, Walnut Creek, CA, 94595","Match","Exact","1224 ROSSMOOR PKWY, WALNUT CREEK, CA, 94595","-122.070483217308,37.878191929529","192052527","L","06","013","334200","3000"
"32-RC-196773","9750 South Virginia Street, Reno, NV, ","Match","Exact","9750 SOUTH VIRGINIA ST, RENO, NV, 89511","-119.771365121076,39.441792556613","107107881","L","32","031","002216","3010"
"31-RC-299354","625 S Fair Oaks Ave, Pasadena, CA, ","Match","Exact","625 S FAIR OAKS AVE, PASADENA, CA, 91105","-118.150434939135,34.13515440392","141629682","R","06","037","463900","1000"
"29-RC-184521","144 Pilling St., Brooklyn, NY, 11207","Match","Exact","144 PILLING ST, BROOKLYN, NY, 11207","-73.905260916702,40.686200933143","59084226","R","36","047","040300","1001"
"31-RC-174738","9150 Aviation Blvd, Inglewood, CA, ","Match","Exact","9150 AVIATION BLVD, INGLEWOOD, CA, 90301","-118.376947379919,33.953263855246","241239670","L","06","037","601401","3027"
"32-RC-005831","2401 West Almond Avenue, Madera, CA, ","Match","Exact","2401 W ALMOND AVE, MADERA, CA, 93637","-120.064039731256,36.945619257691","102350515","R","06","039","000511","3007"
"32-RC-005821","2996 Alvarado Street, San Leandro, CA, ","Match","Exact","2996 ALVARADO ST, SAN LEANDRO, CA, 94577","-122.152018798526,37.705546698746","606335235","L","06","001","433200","4001"
"28-RC-182554","4830 South 43Rd Avenue, In Phoenix, AZ, ","Match","Non_Exact","4830 S 43RD AVE, PHOENIX, AZ, 85041","-112.150952102065,33.402530262241","128775995","R","04","013","112514","1028"
"32-RC-081559","27577 Industrial Boulevard, Hayward, CA, ","Match","Exact","27577 INDUSTRIAL BLVD, HAYWARD, CA, 94545","-122.103617868648,37.624137365494","606262733","R","06","001","437101","1003"
"32-RC-185644","3901 Lone Tree Way, Antioch, CA, ","No_Match"
"32-RC-005826","1950 Franklin St, Oakland, CA, ","Match","Exact","1950 FRANKLIN ST, OAKLAND, CA, 94612","-122.267381222238,37.807906763207","655812249","R","06","001","402900","1018"
"31-RC-112098","4 Hours Per Week, Los Angeles, CA, ","No_Match"
"32-RC-005828","2401 West Almond Avenue, Madera, CA, ","Match","Exact","2401 W ALMOND AVE, MADERA, CA, 93637","-120.064039731256,36.945619257691","102350515","R","06","039","000511","3007"
"32-RC-005829","2401 West Almond Avenue, Madera, CA, ","Match","Exact","2401 W ALMOND AVE, MADERA, CA, 93637","-120.064039731256,36.945619257691","102350515","R","06","039","000511","3007"
"28-RC-301449","780 St. Michaels Drive, Santa Fe, NM, ","Match","Exact","780 SAINT MICHAELS DR, SANTA FE, NM, 87505","-105.962179104867,35.659324650005","636073631","L","35","049","001103","1005"
"32-RC-314337","441 N Buchanan Circle, Pacheco, CA, 94553","Match","Exact","441 N BUCHANAN CIR, PACHECO, CA, 94553","-122.071703580239,37.991092992145","192045837","R","06","013","321200","1001"
"29-RC-138215","882 Third Avenue, Brookyn, NY, 11232","Match","Non_Exact","882 3RD AVE, BROOKLYN, NY, 11232","-74.00462766643,40.65762641856","59100997","R","36","047","001802","1002"
"31-RC-314546","105 13Th Street, Vsfb, CA, ","No_Match"
"31-RC-176902","15963 Strathern Street, Van Nuys, CA, ","Match","Exact","15963 STRATHERN ST, VAN NUYS, CA, 91406","-118.48069855481,34.215754563553","141545073","R","06","037","127400","1003"
"31-RC-313696","3900 Sunset Blvd., Los Angeles, CA, 90029","Match","Non_Exact","3900 W SUNSET BLVD, LOS ANGELES, CA, 90029","-118.279727291157,34.091690836904","141604556","L","06","037","195901","1001"
"31-RC-313695","10557 Juniper Ave., Fontana, CA, 92337","Match","Exact","10557 JUNIPER AVE, FONTANA, CA, 92337","-117.439906131264,34.062128049377","653170222","L","06","071","002609","1007"
"32-RC-240065","8130 Enterprise Drive, Newark, CA, ","Match","Exact","8130 ENTERPRISE DR, NEWARK, CA, 94560","-122.044686625926,37.521723135672","125081324","L","06","001","444304","2032"
"32-RC-076179","1300 Canal Boulevard, Richmond, CA, ","No_Match"
"32-RC-284098","3655 Cherokee Road, Stockton, CA, ","Match","Exact","3655 CHEROKEE RD, STOCKTON, CA, 95205","-121.25369309666,37.990983146541","133898739","L","06","077","003601","2027"
"32-RC-301031","16900 W. Schulte Road, Tracy, CA, ","Match","Exact","16900 W SCHULTE RD, TRACY, CA, 95377","-121.517331511998,37.721831546368","133908044","L","06","077","005213","2043"
"29-RC-065258","150 55Th Street, Brooklyn, NY, ","Match","Exact","150 55TH ST, BROOKLYN, NY, 11220","-74.020965100023,40.646899541107","59094072","R","36","047","002200","1001"
"32-RC-005819","1950 Franklin Street, Oakland, CA, ","Match","Exact","1950 FRANKLIN ST, OAKLAND, CA, 94612","-122.267381222238,37.807906763207","655812249","R","06","001","402900","1018"
"28-RC-348528","3708 Las Vegas Boulevard South, Las Vegas, NV, ","Tie"
"29-RC-301240","3433-3447 90Th Street, Queens, NY, 11372","Match","Non_Exact","34-47 90TH ST, JACKSON HEIGHTS, NY, 11372","-73.87735626877,40.753603529999","59698358","L","36","081","027702","3000"
"29-RC-196522","2525 Kings Highway, Brooklyn, NY, ","Match","Exact","2525 KINGS HWY, BROOKLYN, NY, 11229","-73.948084054101,40.613835408514","59090175","L","36","047","064200","2002"
"31-RC-325672","2260 E Imperial Hwy., El Segundo, CA, 90245","Match","Exact","2260 E IMPERIAL HWY, EL SEGUNDO, CA, 90245","-118.383996689579,33.930828869608","641472803","L","06","037","980013","1002"
"32-RC-184329","475 29Th Street, Oakland, CA, ","Match","Exact","475 29TH ST, OAKLAND, CA, 94609","-122.266059937686,37.817887842149","124996587","L","06","001","401300","3002"
"29-RC-194344","2107 Ditmas Avenue, Brooklyn, NY, ","Match","Exact","2107 DITMAS AVE, BROOKLYN, NY, 11226","-73.957931472816,40.63986163264","59081429","L","36","047","051602","2001"
"31-RC-270910","15248 Eleventh Street, Victorville, CA, 92395","Match","Exact","15248 11TH ST, VICTORVILLE, CA, 92395","-117.292577861634,34.528026388867","144574172","L","06","071","009800","1017"
"29-RC-080891","8900 Van Wyck Expressway, Jamaica, NY, ","Match","Exact","89-00 VAN WYCK EXPY, JAMAICA, NY, 11418","-73.816350697511,40.701327473153","59735280","R","36","081","014202","1006"
"29-RC-276206","1 Coffey Street, Brooklyn, NY, 11231","Match","Exact","1 COFFEY ST, BROOKLYN, NY, 11231","-74.010444249074,40.673642604604","59093538","L","36","047","005301","2016"
"31-RC-328709","11959 Apple Valley Rd., Apple Valley, CA, 92308","Match","Exact","11959 APPLE VALLEY RD, APPLE VALLEY, CA, 92308","-117.242293766916,34.470040562236","657759458","R","06","071","009719","1007"
"31-RC-357260","7055 W Sunset Blvd., Los Angeles, CA, 90028","Match","Exact","7055 W SUNSET BLVD, LOS ANGELES, CA, 90028","-118.343091907398,34.098019440289","141599397","R","06","037","190102","2003"
"29-RC-123189","1 And 2 Jericho Pl, Jericho, NY, ","Match","Non_Exact","2 JERICHO PLZ, JERICHO, NY, 11753","-73.548361255861,40.78680460308","147826725","R","36","059","518501","2042"
"31-RC-117759","21310 Nordhoff Street, Chatsworth, CA, ","Match","Exact","21310 NORDHOFF ST, CHATSWORTH, CA, 91311","-118.595497983053,34.235397848306","141532963","L","06","037","113234","1002"
"28-RC-345488","910 E. Speedway Boulevard, Tucson, AZ, ","Match","Exact","910 E SPEEDWAY BLVD, TUCSON, AZ, 85719","-110.957747634486,32.235939702159","121170620","R","04","019","000502","3009"
"31-RC-297149","7400 Reseda Blvd., Reseda, CA, 91335","Match","Exact","7400 RESEDA BLVD, RESEDA, CA, 91335","-118.535984472852,34.204813439612","141541709","R","06","037","131801","1005"
"32-RC-005809","2740 Grant Street, Concord, CA, ","Match","Exact","2740 GRANT ST, CONCORD, CA, 94520","-122.038003277009,37.984890129822","192053684","R","06","013","329000","4007"
"32-RC-212879","26 Hfu Circle, Coleville, CA, ","Match","Exact","26 HFU CIR, COLEVILLE, CA, 96107","-119.45930833717,38.514150812898","102531950","R","06","051","000102","2038"
"29-RC-075054","110-00 Rockaway Blvd., Jamaica, NY, ","No_Match"
"32-RC-336128","6890 S Mccarran Blvd, Reno, NV, 89509","Match","Exact","6890 S MCCARRAN BLVD, RENO, NV, 89509","-119.80569290297,39.47663376125","107103690","R","32","031","001012","3004"
"28-RC-215084","1406 Wyoming Ave., El Paso, TX, ","Match","Exact","1406 WYOMING AVE, EL PASO, TX, 79902","-106.478576122273,31.769972550724","189341307","R","48","141","002202","5020"
"29-RC-220212","420 95Th Street, Brooklyn, NY, ","Match","Exact","420 95TH ST, BROOKLYN, NY, 11209","-74.030858724642,40.615470748702","59087512","R","36","047","016200","1002"
"32-RC-151435","248 At Nasa Ames Research Center, Moffett Airfield, CA, ","No_Match"
"32-RC-335273","2601 Garcia Ave, 2525 Garcia Ave. Mountain View, CA, ","Match","Non_Exact","2601 GARCIA AVE, MOUNTAIN VIEW, CA, 94043","-122.098095106798,37.427644729905","122953440","L","06","085","504601","1066"
"28-RC-263057","423 Calle Industrial, Bernalillo, NM, 87004","Match","Exact","423 CLL INDUSTRIAL, BERNALILLO, NM, 87004","-106.558269175238,35.297212773182","194033528","L","35","043","940500","2024"
"32-RC-133551","7121 East Avenue, Livermore, CA, 94550","Match","Exact","7121 EAST AVE, LIVERMORE, CA, 94550","-121.704760472772,37.679740032348","606297356","R","06","001","451103","2000"
"29-RC-098158","1530 Flatbush Avenue, Brooklyn, NY, ","Match","Exact","1530 FLATBUSH AVE, BROOKLYN, NY, 11210","-73.948433858247,40.633464707875","59081721","R","36","047","077400","1000"
"32-RC-291284","1050 Gilman Street, Berkeley, CA, 94710","Match","Exact","1050 GILMAN ST, BERKELEY, CA, 94710","-122.29683106492,37.8801683737","652204156","R","06","001","422000","2015"
"31-RC-346872","15617 Roy Rogers Dr., Victorville, CA, 92394","Match","Exact","15617 ROY ROGERS DR, VICTORVILLE, CA, 92394","-117.328758620966,34.521400261367","647992065","R","06","071","009917","1002"
"29-RC-074190","1108 30Th Avenue, Long Island City, NY, ","Match","Exact","11-08 30TH AVE, LONG ISLAND CITY, NY, 11102","-73.932154815162,40.771925845135","59696542","R","36","081","008100","1003"
"32-RC-194950","1800 N. California Street, Stockton, CA, ","Tie"
"29-RC-113401","229 Arlington Avenue, Staten Island, NY, ","Match","Exact","229 ARLINGTON AVE, STATEN ISLAND, NY, 10303","-74.167458891263,40.635202145783","59877219","L","36","085","032300","1014"
"29-RC-167260","265 Executive Drive, Plainview, NY, ","Match","Exact","265 EXECUTIVE DR, PLAINVIEW, NY, 11803","-73.463923545569,40.792736061687","147643358","R","36","059","519702","2001"
"32-RC-200474","1 Parr Boulevard, Richmond, CA, ","Match","Exact","1 PARR BLVD, RICHMOND, CA, 94801","-122.376253330274,37.967991534547","607878008","L","06","013","392201","1018"
"31-RC-137454","515 North La Brea Avenue, Los Angeles, CA, ","Match","Exact","515 N LA BREA AVE, LOS ANGELES, CA, 90036","-118.344112470201,34.080536643498","141599575","L","06","037","192001","2015"
"32-RC-327313","5353 Almaden Expressway, San Jose, CA, 95118","Match","Exact","5353 ALMADEN EXPY, SAN JOSE, CA, 95118","-121.875544768962,37.252299247178","122922315","R","06","085","502910","3001"
"29-RC-091991","2548 West 13Th Street, Brooklyn, NY, ","Match","Exact","2548 W 13TH ST, BROOKLYN, NY, 11223","-73.982896297296,40.589203518134","59089001","R","36","047","038200","1002"
"32-RC-097369","4755 Pasture Road, Fallon, NV, ","Match","Exact","4755 PASTURE RD, FALLON, NV, 89496","-118.725386699692,39.402255985523","139961734","R","32","001","950400","1035"
"31-RC-309433","1925 West 195Th Street, Torrance, CA, 90501","Match","Exact","1925 W 195TH ST, TORRANCE, CA, 90501","-118.311463678651,33.854081856166","241243394","L","06","037","980005","1001"
"32-RC-147728","3193 E. Manning Avenue, In Fowler, CA, ","No_Match"
"32-RC-240944","744 52Nd Street, Oakland, CA, ","Match","Exact","744 52ND ST, OAKLAND, CA, 94609","-122.267246206188,37.837481587971","606194101","R","06","001","400700","4005"
"29-RC-271138","62 Pine Street, West Hampton Beach, NY, ","Match","Non_Exact","62 PINE ST, WESTHAMPTON BEACH, NY, 11978","-72.644128863323,40.823428224674","114025807","R","36","103","190502","2001"
"29-RC-089675","2545 Borden Avenue, Long Island Ciaty, NY, ","Match","Non_Exact","25-45 BORDEN AVE, LONG ISLAND CITY, NY, 11101","-73.943966838566,40.739357526974","59691950","L","36","081","000104","1018"
"32-RC-354958","1688 Mckinnley Ave., Lathrope, CA, 95330","No_Match"
"31-RC-308585","4550 Van Nuys Blvd., Sherman Oaks, CA, 91403","Match","Exact","4550 VAN NUYS BLVD, SHERMAN OAKS, CA, 91403","-118.448623827171,34.153909504913","141561644","R","06","037","141201","3002"
"29-RC-149828","221 Jericho Turnpike, Syosset, NY, 11791","Match","Exact","221 JERICHO TPKE, SYOSSET, NY, 11791","-73.508632717109,40.810242105934","639415026","L","36","059","518300","4006"
"31-RC-147253","1650 S. Vintage Avenue, Ontario, CA, 91761","Match","Exact","1650 S VINTAGE AVE, ONTARIO, CA, 91761","-117.533047359504,34.044421055074","144735150","L","06","071","012700","1027"
"29-RC-173946","16 Vernon Ave, Brooklyn, NY, ","Match","Exact","16 VERNON AVE, BROOKLYN, NY, 11206","-73.951629530328,40.69428791464","59078742","R","36","047","025300","1001"
"29-RC-247010","1782 Union Boulevard, Bay Shore, NY, ","Match","Exact","1782 UNION BLVD, BAY SHORE, NY, 11706","-73.247863121851,40.725718153637","113996538","R","36","103","147302","2003"
"29-RC-270297","118-21 Queens Boulevard, Forest Hills, NY, ","Match","Exact","118-21 QUEENS BLVD, FOREST HILLS, NY, 11375","-73.831975264078,40.715016501269","59706661","L","36","081","075701","3004"
"29-RC-298600","40550 Route 25, Orient Point, NY, ","No_Match"
"31-RC-345535","7040 Sepulveda Blvd, Van Nuys, CA, 91405","Match","Exact","7040 SEPULVEDA BLVD, VAN NUYS, CA, 91405","-118.4661219902,34.198504436299","652036966","R","06","037","127804","2001"
"31-RC-211931","983 Inner Loop Rd, Ft. Irwin, CA, 92310","No_Match"
"29-RC-345929","100 Baldwin Road, Hempstead, NY, ","Match","Exact","100 BALDWIN RD, HEMPSTEAD, NY, 11550","-73.615928021671,40.697819322818","147628811","R","36","059","407101","2002"
"32-RC-219091","5555 W Las Positas Blvd., Pleasanton, CA, ","Match","Exact","5555 W LAS POSITAS BLVD, PLEASANTON, CA, 94588","-121.888542758956,37.687234844894","125080925","L","06","001","450743","4013"
"31-RC-125001","1246 West 155Th Street, Gardena, CA, ","Match","Exact","1246 W 155TH ST, GARDENA, CA, 90247","-118.297553012853,33.890448798891","641503653","L","06","037","603101","3006"
"29-RC-145469","300 Sgeamboat Road, Great Neck, NY, ","Match","Non_Exact","300 STEAMBOAT RD, GREAT NECK, NY, 11024","-73.758465228077,40.812129003317","645749038","R","36","059","300100","4003"
"32-RC-156669","690 Sierra Rose Dr., Reno, NV, 89511","Match","Exact","690 SIERRA ROSE DR, RENO, NV, 89511","-119.799825794793,39.473436464775","639328463","L","32","031","001012","3008"
"32-RC-135744","2100 N. Broadway, In Walnut Creek, CA, ","Match","Non_Exact","2100 N BROADWAY, WALNUT CREEK, CA, 94596","-122.061840888322,37.908695352467","639038477","R","06","013","339004","1011"
"31-RC-334892","1375 E. 6Th St., #8 Los Angeles, CA, 90021","Match","Non_Exact","1375 E 6TH ST, LOS ANGELES, CA, 90021","-118.233471581624,34.038301955408","642867123","L","06","037","206051","2018"
"32-RC-247108","1800 N. California Street, Stockton, CA, ","Tie"
"29-RC-235054","106-19 173Rd Street, Jamaica, NY, ","Match","Exact","106-19 173RD ST, JAMAICA, NY, 11433","-73.783219155695,40.701769897626","59730434","L","36","081","044000","3010"
"31-RC-160262","42134 Harper Lake Road, Hinkley, CA, 92347","No_Match"
"32-RC-349579","1900 Quarry Road, Aromas, CA, 95004","No_Match"
"28-RC-288330","1155 N. Pinal Parkway, Florence, AZ, ","Match","Exact","1155 N PINAL PKWY, FLORENCE, AZ, 85132","-111.379005388464,33.04415846161","638288384","R","04","021","000903","1001"
"29-RC-341547","45 Hoyt Street, Brooklyn, NY, ","Match","Exact","45 HOYT ST, BROOKLYN, NY, 11201","-73.985864642387,40.689321781518","59075361","L","36","047","003700","1011"
"32-RC-346069","4488 N. Blackstone Ave., Fresno, CA, 93726","Match","Exact","4488 N BLACKSTONE AVE, FRESNO, CA, 93726","-119.790400070608,36.799260264755","197612232","R","06","019","005000","2005"
"29-RC-247041","320 Carleton Avenue, Riverhead, NY, ","No_Match"
"32-RC-181655","6121 Bolinger Canyon Road, San Ramon, CA, ","Match","Non_Exact","6121 BOLLINGER CANYON RD, SAN RAMON, CA, 94583","-121.956678387479,37.762742137908","607869360","R","06","013","345111","1000"
"32-RC-341612","4370 Town Center Blvd., El Dorado Hills, CA, 95762","Match","Exact","4370 TOWN CENTER BLVD, EL DORADO HILLS, CA, 95762","-121.068245841607,38.649948050014","133071386","L","06","017","030711","1004"
"31-RC-095527","15640 Roxford, Sylmar, CA, 91342","Match","Non_Exact","15640 ROXFORD ST, SYLMAR, CA, 91342","-118.471965242543,34.310952936986","141545426","L","06","037","106520","2004"
"31-RC-125457","21530 Pioneer Boulevard, Hawaiian Gardens, CA, ","Match","Non_Exact","21530 N PIONEER BLVD, HAWAIIAN GARDENS, CA, 90716","-118.081777491373,33.833608848205","141746219","L","06","037","555106","2003"
"32-RC-125912","6111 Bollinger Canyon Road. E, San Ramon, CA, ","Match","Non_Exact","6111 BOLLINGER CANYON RD, SAN RAMON, CA, 94583","-121.956875556234,37.762647496919","607869360","R","06","013","345111","1000"
"32-RC-193640","2850 Commercial Crossing, Santa Cruz, CA, ","Match","Exact","2850 COMMERCIAL CROSSING, SANTA CRUZ, CA, 95065","-121.982599280725,36.988153259373","657194280","L","06","087","121300","1007"
"31-RC-125453","21530 Pioneer Boulevard, Hawaiian Gardens, CA, ","Match","Non_Exact","21530 N PIONEER BLVD, HAWAIIAN GARDENS, CA, 90716","-118.081777491373,33.833608848205","141746219","L","06","037","555106","2003"
"34-RC-067645","130 Shield St. West, Hartford, CT, ","No_Match"
"31-RC-273383","10841 White Oak Avenue, Rancho Cucamonga, CA, 91730","No_Match"
"29-RC-162839","341 Eastern Parkway, Brooklyn, NY, ","Match","Exact","341 EASTERN PKWY, BROOKLYN, NY, 11216","-73.957496883336,40.670843864747","640853006","R","36","047","021900","3004"
"31-RC-262264","4575 West Main Street, Guadalupe, CA, 93434","Match","Exact","4575 W MAIN ST, GUADALUPE, CA, 93434","-120.57823551466,34.957636482413","108613695","R","06","083","002504","3018"
"31-RC-322893","2889 W. 5Th Street, Oxnard, CA, 93030","Match","Exact","2889 W 5TH ST, OXNARD, CA, 93030","-119.208963243571,34.197548790557","617494888","R","06","111","002905","1054"
"32-RC-162088","5323 East Mckinley Avenue, Fresno, CA, 93727","Match","Exact","5323 E MCKINLEY AVE, FRESNO, CA, 93727","-119.70925447729,36.765179858782","648060394","L","06","019","003104","2024"
"32-RC-201317","6100 Neil Road, Reno, NV, ","Match","Exact","6100 NEIL RD, RENO, NV, 89511","-119.78026476829,39.469518415952","107108073","L","32","031","002204","3007"
"32-RC-166448","2400 Keystone Pacific Parkway, In Patterson, CA, ","Match","Non_Exact","2400 KEYSTONE PACIFIC PKWY, PATTERSON, CA, 95363","-121.1648950195,37.4757571928","102647782","L","06","099","003300","2097"
"32-RC-192784","1362 Rutan Drive, Livermore, CA, ","Match","Exact","1362 RUTAN DR, LIVERMORE, CA, 94551","-121.800536032615,37.692489119936","606299049","L","06","001","451300","1037"
"28-RC-198781","333 W. Gowan Road, North Las Vegas, NV, 89032","Match","Exact","333 W GOWAN RD, NORTH LAS VEGAS, NV, 89032","-115.143843275059,36.224829415405","201965811","L","32","003","003642","1025"
"29-RC-318797","267 7Th Avenue, Brooklyn, NY, ","Match","Exact","267 7TH AVE, BROOKLYN, NY, 11215","-73.97986779307,40.668835957431","59078154","L","36","047","015300","1000"
"32-RC-150090","27577 Industrial Boulevard, Livermore, CA, ","No_Match"
"29-RC-102301","890 Utica Avenue, Brooklyn, NY, ","Match","Exact","890 UTICA AVE, BROOKLYN, NY, 11203","-73.930418033807,40.651368797772","59085729","R","36","047","086000","1000"
"31-RC-080046","555 South Seventh Avenue, Barstow, CA, ","Match","Exact","555 S 7TH AVE, BARSTOW, CA, 92311","-117.019569596013,34.893889593049","144556857","R","06","071","009501","1014"
"32-RC-122867","1820 N. Macarthru Drive And 100 W. Valpico Road, In Tracy, CA, ","Match","Non_Exact","100 W VALPICO RD, TRACY, CA, 95376","-121.434507651532,37.710513196652","635496460","R","06","077","005219","1000"
"31-RC-286202","7400 Reseda Blvd., Reseda, CA, 91335","Match","Exact","7400 RESEDA BLVD, RESEDA, CA, 91335","-118.535984472852,34.204813439612","141541709","R","06","037","131801","1005"
"29-RC-090622","1 Jefferson Avenue, Rockville Centre, NY, ","Match","Exact","1 JEFFERSON AVE, ROCKVILLE CENTRE, NY, 11570","-73.632232164455,40.658333894811","147676836","R","36","059","412400","2006"
"31-RC-354053","4101 Torrance Blvd, Torrance, CA, 90503","Match","Exact","4101 TORRANCE BLVD, TORRANCE, CA, 90503","-118.355803290855,33.837622469725","657168765","R","06","037","650606","1006"
"32-RC-353650","887 Island Drive S, Alameda, CA, 94501","Match","Non_Exact","887 ISLAND DR, ALAMEDA, CA, 94502","-122.238841013142,37.737577778847","606327264","L","06","001","428302","2000"
"32-RC-226665","3169 M Street, Merced, CA, ","Match","Exact","3169 M ST, MERCED, CA, 95348","-120.478472986788,37.3210147894","125281512","L","06","047","001004","1002"
"32-RC-337165","6050 El Cerrito Pl, El Cerrito, CA, ","No_Match"
"32-RC-284951","10700 Macarthur Blvd, Oakland, CA, 94605","No_Match"
"29-RC-124582","265 Marcus Garvey Boulevard, Brooklyn, NY, ","Match","Exact","265 MARCUS GARVEY BLVD, BROOKLYN, NY, 11221","-73.939156152956,40.688970569364","59079183","L","36","047","027900","4000"
"32-RC-328207","4248 N. Weber Ave., Fresno, CA, ","Match","Exact","4248 N WEBER AVE, FRESNO, CA, 93722","-119.860427714813,36.79342014948","197565986","L","06","019","004205","4005"
"32-RC-349169","2095 Newland Dr., Fernley, NV, 89408","Match","Non_Exact","2095 E NEWLANDS DR, FERNLEY, NV, 89408","-119.208122433937,39.609460992698","605216013","R","32","019","960103","1041"
"29-RC-199284","67-35 Ridge Blvd, Brooklyn, NY, 11220","No_Match"
"28-RC-182392","8915 Montana, El Paso, TX, 79925","Match","Non_Exact","8915 MONTANA AVE, EL PASO, TX, 79925","-106.369153613793,31.79339363454","638727148","L","48","141","003402","4003"
"32-RC-203559","18419 Technology Drive, Morgan Hill, CA, ","Match","Exact","18419 TECHNOLOGY DR, MORGAN HILL, CA, 95037","-121.652453805526,37.147481645381","618178029","R","06","085","512311","1003"
"29-RC-066530","2602 Stillwell Avenue, Brooklyn, NY, ","Match","Exact","2602 STILLWELL AVE, BROOKLYN, NY, 11223","-73.983002952229,40.584398643925","59090805","R","36","047","030800","1004"
"31-RC-129805","10400 Rancho Road, Adelanto, CA, ","Match","Exact","10400 RANCHO RD, ADELANTO, CA, 92301","-117.438987836132,34.557685337195","637795270","L","06","071","009133","3134"
"29-RC-179696","1701 Sunrise Hwy, Bay Shore, NY, ","Match","Exact","1701 SUNRISE HWY, BAY SHORE, NY, 11706","-73.244225170239,40.736773816212","638143137","R","36","103","146005","2014"
"31-RC-284497","9330 Stockdale Hwy., Bakersfield, CA, 93311","Match","Exact","9330 STOCKDALE HWY, BAKERSFIELD, CA, 93311","-119.104646198279,35.354483746456","657802314","L","06","029","002806","2001"
"31-RC-300668","4221 Wilshire Blvd., Los Angeles, CA, 90010","Match","Exact","4221 WILSHIRE BLVD, LOS ANGELES, CA, 90010","-118.320309992642,34.061814028199","141603535","R","06","037","211701","2016"
"32-RC-322908","226 Airport Parkway, San Jose, CA, 95110","Match","Exact","226 AIRPORT PKWY, SAN JOSE, CA, 95110","-121.922499989633,37.369156075531","638614165","R","06","085","505100","4006"
"29-RC-194828","440 Kent Avenue, Brooklyn, NY, ","Match","Exact","440 KENT AVE, BROOKLYN, NY, 11249","-73.968549606435,40.70889786312","59101738","L","36","047","054700","3004"
"32-RC-081827","2001 Dwight Way, Berkeley, CA, ","Match","Exact","2001 DWIGHT WAY, BERKELEY, CA, 94704","-122.2697738216,37.863727074674","655810747","L","06","001","422901","2008"
"29-RC-145021","756 Utica Avenue, Brooklyn, NY, 11203","Match","Exact","756 UTICA AVE, BROOKLYN, NY, 11203","-73.930776004199,40.65470361789","59083558","R","36","047","086800","2003"
"32-RC-351454","1450 S White Road, San Jose, CA, 95127","Match","Exact","1450 S WHITE RD, SAN JOSE, CA, 95127","-121.814302258921,37.350919951816","122998371","L","06","085","503508","3010"
"29-RC-096394","652 Kent Avenue, Brooklyn, NY, ","Match","Exact","652 KENT AVE, BROOKLYN, NY, 11249","-73.963562795335,40.701213915739","59077808","R","36","047","054300","1004"
"32-RC-341658","2211 N First St, San Jose, CA, 95131","Match","Exact","2211 N 1ST ST, SAN JOSE, CA, 95131","-121.921678636217,37.377795110266","122959869","L","06","085","505006","5073"
"32-RC-343831","2909 S. Elm Ave., Fresno, CA, 93706","No_Match"
"31-RC-123232","3151 West Fifth Street, Oxnard, CA, ","Match","Exact","3151 W 5TH ST, OXNARD, CA, 93030","-119.211859939894,34.197567972534","617494888","R","06","111","002905","1054"
"32-RC-200498","650 West Alluvial Avenue, Clovis, CA, ","Match","Exact","650 W ALLUVIAL AVE, CLOVIS, CA, 93611","-119.725957785254,36.844767652712","197619309","R","06","019","005514","3007"
"32-RC-224467","80 Exit 65, Fallon, NV, ","No_Match"
"28-RC-299479","4201 East University Drive, In Phoenix, AZ, ","Match","Non_Exact","4201 E UNIVERSITY DR, PHOENIX, AZ, 85034","-111.991172852074,33.421842586547","128970398","R","04","013","115200","1007"
"29-RC-166396","168-46 Douglas Avenue, Hollis, NY, ","No_Match"
"31-RC-313519","6233 Hollywood Boulevard, Los Angeles, CA, 90028","Match","Exact","6233 HOLLYWOOD BLVD, LOS ANGELES, CA, 90028","-118.325593165404,34.101683705616","650066010","R","06","037","191000","1003"
"28-RC-319132","1683 North Higley Road, Gilbert, AZ, ","Match","Exact","1683 N HIGLEY RD, GILBERT, AZ, 85234","-111.71957156795,33.380749322892","128255684","L","04","013","422636","3003"
"31-RC-132187","44110 Yucca Avenue, Lancaster, CA, 93534","Match","Exact","44110 YUCCA AVE, LANCASTER, CA, 93534","-118.132721854932,34.684555037041","141526848","R","06","037","900501","2003"
"31-RC-136543","12466 Montague Street, Pacoima, CA, ","Match","Exact","12466 MONTAGUE ST, PACOIMA, CA, 91331","-118.40414212885,34.252726248004","141552085","L","06","037","104703","1001"
"32-RC-307302","395 Industrial Way, West Wendover, NV, 89883","No_Match"
"29-RC-135696","15-19 Hempstead Gardens Drive, East Hempstead, NY, ","Match","Non_Exact","19 HEMPSTEAD GARDENS DR, W HEMPSTEAD, NY, 11552","-73.640361868322,40.702818028677","147675909","L","36","059","406201","1001"
"32-RC-304275","1800 N. California Street, Stockton, CA, 95204","Match","Non_Exact","1800 CALIFORNIA ST, STOCKTON, CA, 95204","-121.288543946612,37.968471162789","133849945","R","06","077","001300","1030"
"28-RC-299480","10 Mcgregor Range Rd, Chaparral, NM, 88081","Match","Exact","10 MCGREGOR RANGE RD, CHAPARRAL, NM, 88081","-106.276038147354,32.079114539957","653345367","L","35","035","000903","3002"
"32-RC-165555","5168 E. Dakota Ave, In Fresno, CA, 93727","Match","Non_Exact","5168 E DAKOTA AVE, FRESNO, CA, 93727","-119.720103837389,36.786665035969","645802969","R","06","019","003104","2024"
"29-RC-085257","744 Berriman St., Brooklyn, NY, ","Match","Exact","744 BERRIMAN ST, BROOKLYN, NY, 11208","-73.873259696288,40.66116448698","59095345","R","36","047","107800","1004"
"31-RC-175312","2215 Truxtun Ave, Bakersfield, CA, 93301","Match","Exact","2215 TRUXTUN AVE, BAKERSFIELD, CA, 93301","-119.027242115537,35.373312753663","109088754","L","06","029","001700","4022"
"32-RC-238603","10991 Lear Blvd., Reno, NV, ","Match","Exact","10991 LEAR BLVD, RENO, NV, 89506","-119.863865848834,39.64419017803","107090128","L","32","031","002611","1011"
"32-RC-260991","6611 Preston Avenue, Livermore, CA, ","Match","Exact","6611 PRESTON AVE, LIVERMORE, CA, 94551","-121.714243134958,37.709713468241","606072989","R","06","001","451104","3052"
"31-RC-298625","111 Universal Hollywood Dr., Universal City, CA, 90068","Match","Non_Exact","111 UNIVERSAL HOLLYWOOD DR, UNIVERSAL CITY, CA, 91608","-118.361931059563,34.138850467794","657282986","R","06","037","143700","3002"
"28-RC-319102","3001 Broadmoor Blvd N, Rio Rancho, NM, ","Match","Non_Exact","3001 BROADMOOR BLVD NE, RIO RANCHO, NM, 87144","-106.676966351899,35.308348902763","627412857","R","35","043","010727","1193"
"32-RC-109042","18419 Technology Drive, Morgan Hill, CA, ","Match","Exact","18419 TECHNOLOGY DR, MORGAN HILL, CA, 95037","-121.652453805526,37.147481645381","618178029","R","06","085","512311","1003"
"32-RC-219934","2670 S. White Road, San Jose, CA, ","Match","Exact","2670 S WHITE RD, SAN JOSE, CA, 95148","-121.798365193025,37.329084212758","122916969","L","06","085","503323","2016"
"32-RC-326077","1078 Merrill Street, Salinas, CA, 93901","Match","Exact","1078 MERRILL ST, SALINAS, CA, 93901","-121.633570197627,36.650481742926","196867629","R","06","053","014500","1033"
"29-RC-224784","1249-1251 Nostrand Avenue, Brooklyn, NY, ","Match","Non_Exact","1251 NOSTRAND AVE, BROOKLYN, NY, 11225","-73.950117694094,40.656578655517","59079611","L","36","047","080400","3002"
"29-RC-334879","150 Richmond Terrace, Staten Island, NY, 10301","Match","Exact","150 RICHMOND TER, STATEN ISLAND, NY, 10301","-74.078215937388,40.646004923885","59884626","L","36","085","000700","4003"
"32-RC-169587","2 And 3 Employed On The Fresno Avcrad Road, Fresno, CA, ","No_Match"
"29-RC-243068","1111 Stewart Ave, Bethpage, NY, ","Match","Exact","1111 STEWART AVE, BETHPAGE, NY, 11714","-73.491100347772,40.760807201718","147642623","L","36","059","520001","1006"
"31-RC-318791","105 13Th Street, Vandenberg Afb, CA, ","No_Match"
"29-RC-334872","81 Junius Street, Brooklyn, NY, 11212","Match","Exact","81 JUNIUS ST, BROOKLYN, NY, 11212","-73.903824132368,40.673259306413","59084519","L","36","047","090800","1001"
"31-RC-204301","1027 Brooks St., Ontario, CA, 91763","Match","Non_Exact","1027 BROOKS ST, ONTARIO, CA, 91762","-117.66215361915,34.062309336048","144968850","L","06","071","001600","3001"
"31-RC-063995","5750 Wilshire Boulevard, Los Angeles, CA, ","Match","Exact","5750 WILSHIRE BLVD, LOS ANGELES, CA, 90036","-118.354335079722,34.062314964038","657098369","L","06","037","216302","1001"
"31-RC-214121","15415 Slover Ave, Fontana, CA, 92337","Match","Exact","15415 SLOVER AVE, FONTANA, CA, 92337","-117.469220727439,34.062911603196","144641850","R","06","071","002609","2013"
"31-RC-198471","324 W. El Segundo Blvd., El Segundo, CA, 90245","Match","Exact","324 W EL SEGUNDO BLVD, EL SEGUNDO, CA, 90245","-118.416098928311,33.916302873011","142721267","L","06","037","980030","1000"
"31-RC-296439","6066 W. Olympic Blvd., Los Angeles, CA, 90036","Match","Exact","6066 W OLYMPIC BLVD, LOS ANGELES, CA, 90036","-118.363546565335,34.058077951223","141598952","L","06","037","216902","2000"
"32-RC-317128","1860 Milmont Dr., Milpitas, CA, 95035","Match","Exact","1860 MILMONT DR, MILPITAS, CA, 95035","-121.917300918482,37.456360714408","640601223","R","06","085","504506","2000"
"29-RC-192600","168-46 Douglas Avenue, Hollis, NY, ","No_Match"
"29-RC-247891","475 Seaview Avenue, Staten Island, NY, ","Match","Exact","475 SEAVIEW AVE, STATEN ISLAND, NY, 10305","-74.08643578576,40.583752169868","59887462","L","36","085","007002","3003"
"31-RC-283127","16049 Baseline Avenue, Fontana, CA, ","Match","Non_Exact","16049 BASELINE RD, FONTANA, CA, 92336","-117.454767173154,34.121327441764","144640778","R","06","071","002313","3000"
"29-RC-270694","538 Edwards Avenue, Calverton, NY, ","Match","Exact","538 EDWARDS AVE, CALVERTON, NY, 11933","-72.747099287008,40.923883193676","114249884","L","36","103","169706","3027"
"32-RC-321610","3979 Trust Way, Hayward, CA, 94545","Match","Exact","3979 TRUST WAY, HAYWARD, CA, 94545","-122.125507244242,37.623724365596","125019872","R","06","001","437101","1017"
"29-RC-164160","620 Atlantic Avenue, Brooklyn, NY, ","Match","Exact","620 ATLANTIC AVE, BROOKLYN, NY, 11217","-73.975877238226,40.683431531499","647356223","R","36","047","012902","2000"
"29-RC-204367","58 Belmont Avenue, Brooklyn, NY, ","Match","Exact","58 BELMONT AVE, BROOKLYN, NY, 11212","-73.908188164264,40.668692565701","59083945","R","36","047","090600","2004"
"32-RC-263640","3655 Cincinnati Ave, Rocklin, CA, ","Match","Exact","3655 CINCINNATI AVE, ROCKLIN, CA, 95765","-121.311881011026,38.820285800497","106799559","R","06","061","021328","5030"
"32-RC-179724","16300 Avenue 3, Madera, CA, ","No_Match"
"29-RC-231081","56-45 Main Street, Flushing, NY, ","Match","Exact","56-45 MAIN ST, FLUSHING, NY, 11355","-73.826008500259,40.74751163083","59709657","L","36","081","079900","1004"
"32-RC-345609","9999 Austin Road, Manteca, CA, 95336","Match","Exact","9999 AUSTIN RD, MANTECA, CA, 95336","-121.182978862348,37.870249939919","658272366","R","06","077","005131","1021"
"29-RC-239810","267 6Th Street, Brooklyn, NY, ","Match","Exact","267 6TH ST, BROOKLYN, NY, 11215","-73.986911164481,40.672084274593","59075661","L","36","047","013700","1000"
"32-RC-353679","3055 Oak Rd., Walnut Creek, CA, 94597","Match","Exact","3055 OAK RD, WALNUT CREEK, CA, 94597","-122.058236463423,37.930242221066","192097786","L","06","013","324003","2001"
"31-RC-133483","510 19Th Street, Bakersfield, CA, ","Match","Exact","510 19TH ST, BAKERSFIELD, CA, 93301","-119.007006641354,35.3762443435","109090038","R","06","029","001600","1085"
"32-RC-136641","930 E. Blanco Road, Salinas, CA, ","Match","Exact","930 E BLANCO RD, SALINAS, CA, 93901","-121.636922527984,36.654943974702","196858560","R","06","053","014500","1033"
"29-RC-062580","1000 New Horizons Blvd., North Amityville, NY, ","No_Match"
"31-RC-108048","16276 Koala Road, Adelanto, CA, ","Match","Exact","16276 KOALA RD, ADELANTO, CA, 92301","-117.453915694292,34.546060189863","144752226","R","06","071","009133","1036"
"32-RC-145115","30481 Whipple Road, Union City, CA, ","Match","Exact","30481 WHIPPLE RD, UNION CITY, CA, 94587","-122.086877474911,37.595814280681","125067062","R","06","001","440331","1000"
"31-RC-100598","5151 Wilshire Blvd., Los Angeles, CA, 90036","Match","Exact","5151 WILSHIRE BLVD, LOS ANGELES, CA, 90036","-118.341914321607,34.062237160423","141600114","R","06","037","211000","4010"
"32-RC-311834","1351 Pacheco Pass Highway, Gilroy, CA, 95020","Match","Exact","1351 PACHECO PASS HWY, GILROY, CA, 95020","-121.538794505514,37.003237354488","657480502","R","06","085","512602","1039"
"28-RC-307132","1772 S. Rainbow Blvd, Las Vegas, NV, ","Match","Non_Exact","1772 N RAINBOW BLVD, LAS VEGAS, NV, 89108","-115.242220694568,36.191728962063","201936027","R","32","003","003422","1004"
"29-RC-312625","5200 New Horizon Blvd., Amityville, NY, 11701","No_Match"
"29-RC-355796","32-37 Vernon Boulevard, Queens, NY, ","No_Match"
"32-RC-309991","975 South Fairmont Avenue, Lodi, CA, 95240","No_Match"
"32-RC-205743","2950 Collier Canyon Road, Livermore, CA, ","Match","Exact","2950 COLLIER CANYON RD, LIVERMORE, CA, 94551","-121.805147702831,37.707261930391","125079465","L","06","001","450752","1034"
"32-RC-111382","550 6Th Street, Oakland, CA, 94607","Match","Exact","550 6TH ST, OAKLAND, CA, 94607","-122.27706687372,37.799815290475","639854298","R","06","001","403100","2006"
"31-RC-204760","2900 Loma Vista Road, Ventura, CA, 93003","Match","Exact","2900 LOMA VISTA RD, VENTURA, CA, 93003","-119.257376633281,34.275324502514","109952012","R","06","111","001901","2015"
"31-RC-170912","7301 District Blvd., Bakersfield, CA, 93313","Match","Exact","7301 DISTRICT BLVD, BAKERSFIELD, CA, 93313","-119.082127063743,35.313075996633","109450519","L","06","029","003131","2005"
"32-RC-248038","2 Jack London Square, Oakland, CA, ","No_Match"
"29-RC-216327","181 3Rd Avenue, Brooklyn, NY, ","Match","Exact","181 3RD AVE, BROOKLYN, NY, 11217","-73.983677866999,40.680805730061","59075438","L","36","047","012700","2004"
"29-RC-131215","17-59 Ridgewood Pl, Forest Hills, NY, ","No_Match"
"31-RC-131293","15963 Strathern Street, Van Nuys, CA, ","Match","Exact","15963 STRATHERN ST, VAN NUYS, CA, 91406","-118.48069855481,34.215754563553","141545073","R","06","037","127400","1003"
"32-RC-137989","570 Reactor Way, In Reno, NV, ","Match","Non_Exact","570 REACTOR WAY, RENO, NV, 89502","-119.760963451029,39.503324597321","635512340","R","32","031","980000","1018"
"31-RC-080050","555 South Seventh Avenue, Barstow, CA, ","Match","Exact","555 S 7TH AVE, BARSTOW, CA, 92311","-117.019569596013,34.893889593049","144556857","R","06","071","009501","1014"
"31-RC-100107","2825 E Ave, Palmdale, CA, 93350","Match","Non_Exact","2825 E AVE S, PALMDALE, CA, 93550","-118.078999202203,34.558155723934","640419981","L","06","037","910608","2015"
"29-RC-199268","506 Sixth Street, Brooklyn, NY, ","Match","Exact","506 6TH ST, BROOKLYN, NY, 11215","-73.979709664276,40.668465780924","59078165","R","36","047","015300","1001"
"31-RC-296417","9201 Owensmouth Ave., Chatsworth, CA, 91311","Match","Exact","9201 OWENSMOUTH AVE, CHATSWORTH, CA, 91311","-118.60197450888,34.237269972533","141532927","R","06","037","113237","1028"
"29-RC-176168","189 Wheatley Road, Brookville, NY, ","No_Match"
"31-RC-343732","25220 Black Mountain Quarry Road, Apple Valley, CA, 92307","No_Match"
"29-RC-334866","90-23 161St Street, Jamaica, NY, 11432","Match","Exact","90-23 161ST ST, JAMAICA, NY, 11432","-73.799118672634,40.705090244722","59712059","L","36","081","044601","1000"
"31-RC-145450","4164 North 4Th Avenue, San Bernardino, CA, ","Match","Exact","4164 N 4TH AVE, SAN BERNARDINO, CA, 92407","-117.309346712168,34.171101864741","648099335","L","06","071","004507","2002"
"32-RC-203576","1111 Industrial Parkway West, Hayward, CA, ","Match","Exact","1111 INDUSTRIAL PKWY W, HAYWARD, CA, 94544","-122.057343610097,37.62154253921","645554667","R","06","001","438204","3019"
"31-RC-343737","9133 De Garmo Ave., Sun Valley, CA, 91352","Match","Exact","9133 DE GARMO AVE, SUN VALLEY, CA, 91352","-118.374606055865,34.234848679032","141552896","L","06","037","121102","1016"
"28-RC-311615","1855 East Deer Valley Road, Phoenix, AZ, 85024","Match","Exact","1855 E DEER VALLEY RD, PHOENIX, AZ, 85024","-112.04058771728,33.687523474206","128959554","L","04","013","614900","2000"
"28-RC-291566","10585 West Indian School Road, Avondale, AZ, ","Match","Exact","10585 W INDIAN SCHOOL RD, AVONDALE, AZ, 85392","-112.288711678824,33.493607991753","128954842","L","04","013","082021","1012"
"29-RC-132113","17-59 Ridgewood Place, Brooklyn, NY, ","Match","Non_Exact","59 RIDGEWOOD PL, BROOKLYN, NY, 11237","-73.911294717749,40.698580083377","59083044","L","36","047","043900","3005"
"32-RC-073367","1864 Ackley Circle, Oakdale, CA, ","Match","Exact","1864 ACKLEY CIR, OAKDALE, CA, 95361","-120.836872628048,37.749530308593","102622857","L","06","099","000205","1034"
"31-RC-208709","115 Dawson, Camarillo, CA, 93010","Match","Non_Exact","115 DAWSON DR, CAMARILLO, CA, 93012","-119.034387949413,34.214672421923","109961197","R","06","111","005601","1001"
"32-RC-185198","410 Alcatraz Avenue, Emeryville, CA, ","No_Match"
"29-RC-341123","35 Sawgrass Drive, Bellport, NY, ","Match","Exact","35 SAWGRASS DR, BELLPORT, NY, 11713","-72.948981532586,40.804526129476","641618474","R","36","103","159106","1009"
"31-RC-087993","10210 West Pico Boulevard, Los Angeles, CA, ","Match","Exact","10210 W PICO BLVD, LOS ANGELES, CA, 90064","-118.413189258607,34.048459665473","141571654","L","06","037","269300","1000"
"32-RC-256089","2600 Durant Avenue, Berkeley, CA, ","Match","Exact","2600 DURANT AVE, BERKELEY, CA, 94704","-122.256669313954,37.868076811767","638010819","R","06","001","422800","1003"
"29-RC-167620","1650 Bushwick Avenue, Brooklyn, NY, ","Match","Exact","1650 BUSHWICK AVE, BROOKLYN, NY, 11207","-73.902089610943,40.680315093677","59100246","R","36","047","114201","2013"
"31-RC-144591","12901 Venice Blvd., Los Angeles, CA, 90066","Match","Exact","12901 VENICE BLVD, LOS ANGELES, CA, 90066","-118.441914634317,33.99969559937","141570519","R","06","037","272100","5006"
"29-RC-164114","4510 16Th Avenue, Brooklyn, NY, ","Match","Exact","4510 16TH AVE, BROOKLYN, NY, 11204","-73.983336247957,40.633223317817","59080701","R","36","047","023200","1002"
"32-RC-300729","1576 Cypress Drive, Pebble Beach, CA, 93953","Match","Exact","1576 CYPRESS DR, PEBBLE BEACH, CA, 93953","-121.9445410947,36.567166965648","196813514","R","06","053","011901","2018"
"28-RC-186374","3708 Las Vegas Blvd S., Las Vegas, NV, ","Tie"
"32-RC-281041","2050 Lapham Dr, Modesto, CA, ","Match","Exact","2050 LAPHAM DR, MODESTO, CA, 95354","-120.960451742578,37.637775666087","102639068","R","06","099","002100","2032"
"32-RC-356762","7587 Las Positas Road, Livermore, CA, ","No_Match"
"29-RC-205663","779 East 49Th Street, Brooklyn, NY, ","Match","Exact","779 E 49TH ST, BROOKLYN, NY, 11203","-73.930337974874,40.642581591575","59085781","L","36","047","084000","1000"
"29-RC-236334","40550 New York 25, Orient, NY, ","No_Match"
"30-RC-082101","8880 County Road, Darien, WI, ","No_Match"
"28-RC-154782","3600 S. Las Vegas Blvd, Las Vegas, NV, ","Match","Non_Exact","3600 LAS VEGAS BLVD S, LAS VEGAS, NV, 89109","-115.172937354172,36.113746094051","639403573","R","32","003","006700","1011"
"32-RC-192717","1795 2Nd Street, Berkeley, CA, ","Match","Exact","1795 2ND ST, BERKELEY, CA, 94710","-122.303003883254,37.870031972524","125083438","L","06","001","422000","2039"
"29-RC-076719","4427 Purves Street, Long Island City, NY, ","Match","Exact","4427 PURVES ST, LONG ISLAND CITY, NY, 11101","-73.941132557204,40.747061341735","59692120","L","36","081","001902","1014"
"31-RC-335703","18324 Oxnard St., Tarzana, CA, 91356","Match","Exact","18324 OXNARD ST, TARZANA, CA, 91356","-118.531507914681,34.18015840201","141554655","L","06","037","139303","3001"
"32-RC-268054","26 Rancho Del Mar, Aptos, CA, 95003","Match","Exact","26 RANCHO DEL MAR, APTOS, CA, 95003","-121.908605127281,36.979305399948","605973646","L","06","087","122004","2013"
"29-RC-269237","247 North 7Th Street, Brooklyn, NY, ","Match","Exact","247 N 7TH ST, BROOKLYN, NY, 11211","-73.954812170694,40.716094879853","59076622","L","36","047","051900","1009"
"31-RC-175375","9150 Aviation Blvd, Inglewood, CA, ","Match","Exact","9150 AVIATION BLVD, INGLEWOOD, CA, 90301","-118.376947379919,33.953263855246","241239670","L","06","037","601401","3027"
"29-RC-063899","6500 New Horizons Boulevard, Amityville, NY, ","Match","Exact","6500 NEW HORIZONS BLVD, AMITYVILLE, NY, 11701","-73.397826132926,40.703403787704","114053900","R","36","103","123204","3020"
"32-RC-203157","350 Hawthorne Street, Oakland, CA, ","No_Match"
"28-RC-340134","50 E. Fry Blvd., Sierra Vista, AZ, ","Match","Exact","50 E FRY BLVD, SIERRA VISTA, AZ, 85635","-110.299230711648,31.554585772126","120987515","L","04","003","001501","1005"
"29-RC-215450","265 State Street, Brooklyn, NY, ","Match","Exact","265 STATE ST, BROOKLYN, NY, 11201","-73.987803041083,40.688950479653","59075336","L","36","047","004300","2000"
"31-RC-203488","9601 Wilshire Blvd, Santa Monica, CA, ","No_Match"
"32-RC-179765","300 Booth Street, Reno, NV, ","Match","Exact","300 BOOTH ST, RENO, NV, 89509","-119.826343085609,39.518127625266","107073202","L","32","031","000401","2000"
"31-RC-067903","21113 Superior Street, Chatsworth, CA, ","Match","Exact","21113 SUPERIOR ST, CHATSWORTH, CA, 91311","-118.593151836123,34.246411438374","141532905","R","06","037","113303","2007"
"32-RC-136638","811 Court Street, Jackson, CA, ","Match","Exact","811 COURT ST, JACKSON, CA, 95642","-120.766625636737,38.35290562974","637711051","R","06","005","000402","3025"
"31-RC-191403","2121 Santa Monica Blvd., Santa Monica, CA, ","No_Match"
"32-RC-156691","1340 Concord Avenue, In Concord, CA, ","Match","Non_Exact","1340 CONCORD AVE, CONCORD, CA, 94520","-122.047820294487,37.979791388898","192117084","R","06","013","327001","2053"
"32-RC-072017","27577 Industrial Boulevard, Livermore, CA, 94551","No_Match"
"32-RC-238673","1450 Coleman Avenue, Santa Clara, CA, ","Match","Exact","1450 COLEMAN AVE, SANTA CLARA, CA, 95050","-121.937445720861,37.357747645813","637076530","R","06","085","505202","2082"
"29-RC-227876","502 Flushing Avenue, Brooklyn, NY, ","Match","Exact","502 FLUSHING AVE, BROOKLYN, NY, 11205","-73.953435160491,40.699339340399","59078616","R","36","047","123700","3000"
"31-RC-341127","5475 Daniels Street, Chino, CA, 91710","Match","Exact","5475 DANIELS ST, CHINO, CA, 91710","-117.685158122533,33.999944289424","614811651","R","06","071","000504","1025"
"32-RC-205789","1461 Concord Avenue, Concord, CA, ","Match","Exact","1461 CONCORD AVE, CONCORD, CA, 94520","-122.045451420725,37.97943835434","607761877","L","06","013","327001","2023"
"28-RC-204741","5111 Boulder Hwy, Las Vegas, NV, ","Match","Exact","5111 BOULDER HWY, LAS VEGAS, NV, 89122","-115.062053690238,36.111000155125","639380125","L","32","003","005014","2005"
"29-RC-331787","2636 Hylan Blvd. S, Staten Island, NY, ","Match","Non_Exact","2636 HYLAN BLVD, STATEN ISLAND, NY, 10306","-74.112705040029,40.567458542987","59867904","L","36","085","012804","1000"
"29-RC-074513","26 Court Street, Brooklyn, NY, ","Match","Exact","26 COURT ST, BROOKLYN, NY, 11201","-73.990742946155,40.693204488174","59075039","R","36","047","000900","1001"
"31-RC-109341","15031 Rinaldi Street, Mission Hills, CA, ","Match","Exact","15031 RINALDI ST, MISSION HILLS, CA, 91345","-118.459666763252,34.279060148093","142041035","R","06","037","109100","2007"
"29-RC-211079","81 South Crago Road, Jamaica, NY, ","Match","Non_Exact","81 S CARGO RD, JAMAICA, NY, 11430","-73.790851698929,40.653965470504","59734909","R","36","081","071600","1015"
"29-RC-300605","4500 Parsons Boulevard, Flushing, NY, 11355","Match","Exact","45-00 PARSONS BLVD, FLUSHING, NY, 11355","-73.815629301263,40.755546864592","59701520","R","36","081","120100","1004"
"29-RC-281366","686 Fulton Street, Brooklyn, NY, 11217","Match","Exact","686 FULTON ST, BROOKLYN, NY, 11217","-73.974543671226,40.68628712549","59077663","R","36","047","003500","2001"
"32-RC-312734","25430 Rd 140, Tulare, CA, 93274","No_Match"
"32-RC-165159","2105 Forest Avenue, San Jose, CA, ","Match","Exact","2105 FOREST AVE, SAN JOSE, CA, 95128","-121.937184461366,37.32711135436","122902976","R","06","085","500500","5013"
"31-RC-267072","765 W. College St., Los Angeles, CA, ","Match","Exact","765 W COLLEGE ST, LOS ANGELES, CA, 90012","-118.241877340496,34.065608624787","141617933","R","06","037","207103","2003"
"29-RC-066906","464 Doughty Boulevard, Framingham, MA, ","No_Match"
"29-RC-122306","110-00 Rockaway Boulevard, Jamaica, NY, ","No_Match"
"29-RC-329485","506A Stewart Avenue, Garden City, NY, ","Match","Non_Exact","506A STEWART AVE, GARDEN CITY, NY, 11530","-73.619233092194,40.729943147425","642497379","R","36","059","406600","1018"
"28-RC-204756","5111 Boulder Highway, Las Vegas, NV, ","Match","Exact","5111 BOULDER HWY, LAS VEGAS, NV, 89122","-115.062053690238,36.111000155125","639380125","L","32","003","005014","2005"
"29-RC-334827","2 Todd Court, Brookhaven, NY, ","No_Match"
"29-RC-292481","30-18 Astoria Blvd, Long Island City, NY, ","Match","Exact","30-18 ASTORIA BLVD, LONG ISLAND CITY, NY, 11102","-73.918819569085,40.770188644658","59696960","R","36","081","007100","4000"
"29-RC-095447","7310 Edsall Avenue, Glendale, NY, ","Match","Exact","73-10 EDSALL AVE, GLENDALE, NY, 11385","-73.877966953319,40.706466424535","59695992","R","36","081","062300","1002"
"30-RC-081200","8880 County Road, Darien, WI, ","No_Match"
"32-RC-216024","20 Quail Run Circle, Salinas, CA, ","Match","Exact","20 QUAIL RUN CIR, SALINAS, CA, 93907","-121.669761598337,36.686726859325","196863613","R","06","053","001801","3002"
"28-RC-333806","5406 E. El Campo Grande Ave. E, Las Vegas, NV, ","Match","Non_Exact","5406 E EL CAMPO GRANDE AVE, LAS VEGAS, NV, 89115","-115.055337480427,36.265762209841","201987537","L","32","003","003649","1033"
"29-RC-128573","133-01 41St Road Flushing, New York, NY, ","No_Match"
"31-RC-142015","14645 Merrill Avenue, Fontana, CA, ","Match","Exact","14645 MERRILL AVE, FONTANA, CA, 92335","-117.485361568191,34.091919800978","144969822","R","06","071","002403","2002"
"31-RC-204705","1700 N. Rose Avenue., Oxnard, CA, 93030","Match","Exact","1700 N ROSE AVE, OXNARD, CA, 93030","-119.158196187356,34.217201114658","110126299","R","06","111","004901","2000"
"31-RC-269224","29 Prado Road, San Luis Obispo, CA, 93401","Match","Exact","29 PRADO RD, SAN LUIS OBISPO, CA, 93401","-120.672907826514,35.25610861852","109766522","L","06","079","011501","1000"
"32-RC-215170","1381 South First Street, San Jose, CA, ","Match","Exact","1381 S 1ST ST, SAN JOSE, CA, 95110","-121.87430518356,37.316555627928","122910714","R","06","085","503113","2016"
"29-RC-082126","57-65 48Th Street, Maspeth, NY, ","Match","Exact","57-65 48TH ST, MASPETH, NY, 11378","-73.92187925357,40.721321123125","59737680","L","36","081","021900","1014"
"29-RC-085638","8303 24Th Avenue, East Elmhurst, NY, ","Match","Exact","8303 24TH AVE, EAST ELMHURST, NY, 11370","-73.884355429324,40.765216592149","59697798","L","36","081","032900","3000"
"31-RC-257230","12856 Old River Rd., In Bakersfield, CA, 93311","No_Match"
"31-RC-066625","7301 District Boulevard, Bakersfield, CA, ","Match","Exact","7301 DISTRICT BLVD, BAKERSFIELD, CA, 93313","-119.082127063743,35.313075996633","109450519","L","06","029","003131","2005"
"29-RC-281726","270 Pulaski Road, Greenlawn, NY, ","Match","Exact","270 PULASKI RD, GREENLAWN, NY, 11740","-73.388588187427,40.857357154351","657018542","L","36","103","111300","3018"
"31-RC-194808","815 South Blosser Road, Santa Maria, CA, 93458","Match","Non_Exact","815 BLOSSER RD, SANTA MARIA, CA, 93458","-120.453915274181,34.944366970595","639852470","L","06","083","002410","1016"
"29-RC-125077","150 Myrtle Avenue, Brooklyn, NY, ","Match","Exact","150 MYRTLE AVE, BROOKLYN, NY, 11201","-73.982655145986,40.693571419689","641438532","R","36","047","001502","1005"
"29-RC-150499","167 41St Street, Brooklyn, NY, ","Match","Exact","167 41ST ST, BROOKLYN, NY, 11232","-74.012379594348,40.654626937737","59093574","L","36","047","001802","1011"
"29-RC-104596","12 Months Ending May 18, Bay Shore, NY, ","No_Match"
"29-RC-120617","3984 Sunrise Highway, Oakdale, NY, ","Match","Exact","3984 SUNRISE HWY, OAKDALE, NY, 11769","-73.148598827012,40.74807941096","114254774","L","36","103","146616","1003"
"29-RC-140209","2424 Hylan Blvd. St, Staten Island, NY, ","Match","Non_Exact","2424 HYLAN BLVD, STATEN ISLAND, NY, 10306","-74.107799402675,40.572321051719","59868894","L","36","085","011203","1019"
"31-RC-214528","11200 Alden Road, Adelanto, CA, ","Match","Exact","11200 ALDEN RD, ADELANTO, CA, 92301","-117.421660270037,34.619523940403","144567941","R","06","071","009134","1175"
"32-RC-337910","1662 Commercia Way, Santa Cruz, CA, 95065","No_Match"
"29-RC-096759","148-35 Jamaica Avenue, Jamaica, NY, ","Match","Exact","148-35 JAMAICA AVE, JAMAICA, NY, 11435","-73.806097275869,40.701867067257","59713206","L","36","081","024000","3002"
"29-RC-187788","1070 Flatbush Avenue, Brooklyn, NY, ","Match","Exact","1070 FLATBUSH AVE, BROOKLYN, NY, 11226","-73.958078283418,40.644852424218","59081029","R","36","047","051400","4000"
"28-RC-168579","3790 Las Vegas Blvd., Las Vegas, NV, ","Tie"
"32-RC-208882","233 W. Santa Clara Street, San Jose, CA, ","Match","Exact","233 W SANTA CLARA ST, SAN JOSE, CA, 95113","-121.89474783031,37.334252292093","122907831","R","06","085","500800","2019"
"29-RC-071475","100 Arrival Drive, Ronkonkoma, NY, ","Match","Non_Exact","100 ARRIVAL AVE, RONKONKOMA, NY, 11779","-73.098631150904,40.784187846861","657005023","R","36","103","146618","4026"
"32-RC-117851","221 South 2Nd Street, Richmond, CA, ","Match","Exact","221 S 2ND ST, RICHMOND, CA, 94804","-122.368019625963,37.929123677568","192040333","R","06","013","379000","4026"
"32-RC-268964","8000 Edgewater Drive, Oakland, CA, ","Match","Exact","8000 EDGEWATER DR, OAKLAND, CA, 94621","-122.201959117461,37.740370955496","606306484","R","06","001","409000","3034"
"32-RC-190926","1600 Harbor Bay Parkway, Alameda, CA, 94502","Match","Exact","1600 HARBOR BAY PKWY, ALAMEDA, CA, 94502","-122.239884261954,37.725113211284","125063479","L","06","001","428301","4026"
"29-RC-072789","254 Schole St., Brooklyn, NY, 11206","Match","Non_Exact","254 SCHOLES ST, BROOKLYN, NY, 11206","-73.939636402219,40.709082343007","59077352","R","36","047","048500","1012"
"28-RC-160638","3790 Las Vegas Boulevard South, Las Vegas, NV, 89109","Match","Exact","3790 LAS VEGAS BLVD S, LAS VEGAS, NV, 89109","-115.173027242767,36.102303158186","201869946","R","32","003","006700","1022"
"31-RC-215866","1790 Champagne Avenue, Ontario, CA, 91761","Match","Exact","1790 CHAMPAGNE AVE, ONTARIO, CA, 91761","-117.529588926179,34.041027535066","144735158","L","06","071","012700","1033"
"28-RC-247387","600 S. Grand Central Parkway S, Las Vegas, NV, 89106","Match","Non_Exact","600 S GRAND CENTRAL PKWY, LAS VEGAS, NV, 89106","-115.15527921929,36.165511006428","638578270","R","32","003","000301","2034"
"31-RC-325596","1300 W 7Th St, San Pedro, CA, 90732","Match","Exact","1300 W 7TH ST, SAN PEDRO, CA, 90732","-118.304841172372,33.73795647795","642192460","R","06","037","609900","2009"
"32-RC-313978","1291 S. Mary Ave., Sunnyvale, CA, ","Match","Exact","1291 S MARY AVE, SUNNYVALE, CA, 94087","-122.0506204659,37.352474352314","618171062","R","06","085","508401","4000"
"32-RC-311792","725 Welch Road, Palo Alto, CA, 94304","Match","Exact","725 WELCH RD, PALO ALTO, CA, 94304","-122.174455873369,37.437200027352","618202442","L","06","085","511609","1025"
"32-RC-297483","4248 N. Weber Ave., Fresno, CA, ","Match","Exact","4248 N WEBER AVE, FRESNO, CA, 93722","-119.860427714813,36.79342014948","197565986","L","06","019","004205","4005"
"32-RC-308148","2344 Sixth Street, Berkeley, CA, 94710","Match","Exact","2344 6TH ST, BERKELEY, CA, 94710","-122.29610913225,37.862708564962","635728308","R","06","001","422000","1022"
"28-RC-299837","1509 E. Elwood Street, Phoenix, AZ, ","Match","Exact","1509 E ELWOOD ST, PHOENIX, AZ, 85040","-112.049023308048,33.413992905452","243913346","R","04","013","115300","2005"
"31-RC-132676","4800 Lilly Ave, Palmdale, CA, 93550","No_Match"
"31-RC-099566","2825 E Ave, Palmdale, CA, 93350","Match","Non_Exact","2825 E AVE S, PALMDALE, CA, 93550","-118.078999202203,34.558155723934","640419981","L","06","037","910608","2015"
"31-RC-224348","1885 N. Aventura Ave, Aventura, CA, 93001","Match","Non_Exact","1885 N VENTURA AVE, VENTURA, CA, 93001","-119.295281031611,34.299792167896","109950893","L","06","111","002302","2007"
"31-RC-249624","1224 Beverwil Drive, Los Angeles, CA, 90035","Match","Exact","1224 BEVERWIL DR, LOS ANGELES, CA, 90035","-118.39903612991,34.055712068407","141572627","L","06","037","269100","3003"
"31-RC-087528","27233 Camp Plenty Road, Santa Clarita, CA, 91351","Match","Exact","27233 CAMP PLENTY RD, SANTA CLARITA, CA, 91351","-118.475882484015,34.416452321211","638619387","R","06","037","920048","2006"
"32-RC-329077","1428 Linwood Avenue, Turlock, CA, ","Tie"
"32-RC-080120","3810 Delta Fair Boulevard And 1200 West 4Th Street, Antioch, CA, ","Match","Non_Exact","3810 DELTA FAIR BLVD, ANTIOCH, CA, 94509","-121.845382316287,38.003579725966","607726585","R","06","013","307201","2002"
"29-RC-229185","75-59 263 Rd Street, Glen Oaks, NY, 11004","Match","Exact","75-59 263RD ST, GLEN OAKS, NY, 11004","-73.711823078493,40.749863837369","59724457","L","36","081","155104","2000"
"32-RC-274398","4405 Cushing Parkway, And 46413 Landing Parkway Fremont, CA, 94538","Match","Non_Exact","4405 CUSHING PKWY, FREMONT, CA, 94538","-121.952591774509,37.489956291361","124989724","R","06","001","441503","2040"
"29-RC-136186","399 Knickerbocker Avenue, Brooklyn, NY, ","Match","Exact","399 KNICKERBOCKER AVE, BROOKLYN, NY, 11237","-73.92014094235,40.699898984036","59082678","L","36","047","043100","3000"
"31-RC-327785","1812 Verdugo Blvd., Glendale, CA, 91208","Match","Non_Exact","1812 N VERDUGO RD, GLENDALE, CA, 91208","-118.226022362325,34.174427138407","142730485","R","06","037","300800","1004"
"32-RC-161556","1350 4Th Street, Berkeley, CA, ","Match","Exact","1350 4TH ST, BERKELEY, CA, 94710","-122.303341662187,37.877976328852","124992776","R","06","001","422000","2044"
"31-RC-283500","11638 Old River Road, Bakersfield, CA, 93311","Match","Exact","11638 OLD RIVER RD, BAKERSFIELD, CA, 93311","-119.109758817286,35.246848467124","657851326","L","06","029","003220","3024"
"32-RC-209716","10800 Avenue 184, Tulare, CA, 93274","Match","Exact","10800 AVE 184, TULARE, CA, 93274","-119.329293525888,36.123659179961","202769650","R","06","107","003100","2057"
"29-RC-179706","1200 Franklyn Ave, Garden City, NY, ","Match","Non_Exact","1200 FRANKLIN AVE, GARDEN CITY, NY, 11530","-73.63695400932,40.73279757435","147673228","L","36","059","406400","5000"
"29-RC-154824","7 Michael Avenue, Farmingdale, NY, 11735","Match","Exact","7 MICHAEL AVE, FARMINGDALE, NY, 11735","-73.424361673217,40.726938488884","638124911","L","36","103","122300","1044"
"29-RC-244328","40550 Route 25, Orient Point, NY, ","No_Match"
"31-RC-128171","10450 Rancho Road, Adelanto, CA, ","Match","Exact","10450 RANCHO RD, ADELANTO, CA, 92301","-117.437599043835,34.557676337115","637795271","L","06","071","009133","3133"
"32-RC-268951","4893 East Kings Canyon, Fresno, CA, ","Match","Non_Exact","4893 E KINGS CANYON RD, FRESNO, CA, 93727","-119.732233376292,36.735982254987","197583039","L","06","019","002903","3001"
"28-RC-213154","5501 N. La Palma Rd., Eloy, AZ, 85131","Match","Exact","5501 N LA PALMA RD, ELOY, AZ, 85131","-111.532529455123,32.8143602339","638357406","R","04","021","002005","1002"
"31-RC-122848","1812 Verdugo Boulevard, Glendale, CA, ","Match","Non_Exact","1812 N VERDUGO RD, GLENDALE, CA, 91208","-118.226022362325,34.174427138407","142730485","R","06","037","300800","1004"
"29-RC-071437","254 Schole St., Brooklyn, NY, 11206","Match","Non_Exact","254 SCHOLES ST, BROOKLYN, NY, 11206","-73.939636402219,40.709082343007","59077352","R","36","047","048500","1012"
"31-RC-295959","2489 Lenwood Rd, Barstow, CA, 92311","No_Match"
"31-RC-139285","4575 West Main Street, Guadalupe, CA, 93434","Match","Exact","4575 W MAIN ST, GUADALUPE, CA, 93434","-120.57823551466,34.957636482413","108613695","R","06","083","002504","3018"
"31-RC-185903","1911 Johnson Ave., San Luis Obispo, CA, 93401","Match","Exact","1911 JOHNSON AVE, SAN LUIS OBISPO, CA, 93401","-120.64983724368,35.278181369278","655803498","L","06","079","011002","1019"
"28-RC-260389","5400 South Rainbow Boulevard, Las Vegas, NV, ","Match","Exact","5400 S RAINBOW BLVD, LAS VEGAS, NV, 89118","-115.242810070872,36.090721409781","201922432","L","32","003","002961","1003"
"28-RC-191796","4723 W Hacienda Ave., Las Vegas, NV, ","Match","Exact","4723 W HACIENDA AVE, LAS VEGAS, NV, 89118","-115.20554456632,36.093561487286","201863614","L","32","003","002962","1022"
"31-RC-190490","9620 Airport Blvd., Los Angeles, CA, 90045","Match","Exact","9620 AIRPORT BLVD, LOS ANGELES, CA, 90045","-118.38586349325,33.948879416745","141579703","L","06","037","277200","2007"
"32-RC-252553","5928 Stoneridge Mall Road, Pleasanton, CA, ","Match","Exact","5928 STONERIDGE MALL RD, PLEASANTON, CA, 94588","-121.931379451167,37.697268165178","606146709","R","06","001","450609","1002"
"31-RC-342517","4535 Dupont Ct, Ventura, CA, 93003","Match","Exact","4535 DUPONT CT, VENTURA, CA, 93003","-119.231761428323,34.251842307536","110047673","R","06","111","002800","1046"
"32-RC-310485","2995 Atlas Rd., Richmond, CA, ","Match","Exact","2995 ATLAS RD, RICHMOND, CA, 94806","-122.357019687314,37.999547729164","607733747","L","06","013","392201","1001"
"32-RC-354066","2050 West Fremont Street, Stockton, CA, 95203","Match","Exact","2050 W FREMONT ST, STOCKTON, CA, 95203","-121.323858337778,37.955511477678","133927799","L","06","077","000900","2019"
"29-RC-066081","3 Hoover Street, Inwood, NY, ","Match","Exact","3 HOOVER ST, INWOOD, NY, 11096","-73.745518682221,40.622452929052","147657054","R","36","059","411000","3005"
"32-RC-182084","2727 East Central Avenue, Fresno, CA, ","Match","Exact","2727 E CENTRAL AVE, FRESNO, CA, 93725","-119.739732207495,36.677871669693","658220659","R","06","019","001500","1047"
"28-RC-319947","4650 W. Buckeye Rd., . Phoenix, AZ, 85043","Match","Exact","4650 W BUCKEYE RD, PHOENIX, AZ, 85043","-112.159299807614,33.436897393425","128405033","R","04","013","112512","2048"
"29-RC-349935","1000 Richmond Terrace, Staten Island, NY, ","Match","Exact","1000 RICHMOND TER, STATEN ISLAND, NY, 10301","-74.100917789219,40.644826681703","59883772","L","36","085","009702","1001"
"32-RC-136598","333 Filbert Street, In Oakland, CA, ","Match","Non_Exact","333 FILBERT ST, OAKLAND, CA, 94607","-122.286023244845,37.800633206328","635729471","L","06","001","982000","1004"
"31-RC-080955","1400 East Church Street, Santa Maria, CA, ","Match","Exact","1400 E CHURCH ST, SANTA MARIA, CA, 93454","-120.41459704214,34.952035881956","108595926","L","06","083","002211","4005"
"28-RC-264756","3570 S. Las Vegas Blvd., Las Vegas, NV, 89109","Match","Exact","3570 S LAS VEGAS BLVD, LAS VEGAS, NV, 89109","-115.172880898983,36.118287003781","641535313","R","32","003","006700","1001"
"31-RC-295944","9201 Owensmouth Ave, Chatsworth, CA, 91311","Match","Exact","9201 OWENSMOUTH AVE, CHATSWORTH, CA, 91311","-118.60197450888,34.237269972533","141532927","R","06","037","113237","1028"
"29-RC-355360","340 East Main Street, East Islip, NY, ","Match","Exact","340 E MAIN ST, EAST ISLIP, NY, 11730","-73.174489521201,40.734674982645","114243558","R","36","103","147502","1003"
"29-RC-246522","26 West Street, Brooklyn, NY, ","Match","Exact","26 WEST ST, BROOKLYN, NY, 11222","-73.95874185758,40.727136740265","59075913","R","36","047","056100","1004"
"28-RC-264748","3570 South Las Vegas Boulevard, Las Vegas, NV, ","Match","Exact","3570 S LAS VEGAS BLVD, LAS VEGAS, NV, 89109","-115.172880898983,36.118287003781","641535313","R","32","003","006700","1001"
"29-RC-281775","54 East 52Nd Street, Brooklyn, NY, ","Match","Exact","54 E 52ND ST, BROOKLYN, NY, 11203","-73.929345142889,40.659602048864","59083505","R","36","047","087800","1000"
"32-RC-322467","4225 Pepsi Place. St, Ockton, CA, ","No_Match"
"32-RC-289855","745 Ocean Street, Santa Cruz, CA, ","Match","Exact","745 OCEAN ST, SANTA CRUZ, CA, 95060","-122.021242014659,36.979172195833","125506308","R","06","087","100801","1008"
"32-RC-191816","3710 W. Tulare Avenue, Visalia, CA, ","Match","Exact","3710 W TULARE AVE, VISALIA, CA, 93277","-119.331905464184,36.320128268801","202779323","R","06","107","002008","1008"
"32-RC-163703","410 Tully Road, Turlock, CA, 95380","Tie"
"29-RC-132610","144 Pilling Street, Brooklyn, NY, ","Match","Exact","144 PILLING ST, BROOKLYN, NY, 11207","-73.905260916702,40.686200933143","59084226","R","36","047","040300","1001"
"29-RC-246550","259 First Street, Mineola, NY, ","Match","Exact","259 1ST ST, MINEOLA, NY, 11501","-73.643253656472,40.74165026854","147834026","L","36","059","303600","5001"
"32-RC-353190","215 Fourier Ave, Fremont, CA, 94539","Match","Exact","215 FOURIER AVE, FREMONT, CA, 94539","-121.925672110199,37.480801212583","124989992","L","06","001","441503","1006"
"32-RC-289828","1909 Mission Street, Santa Cruz, CA, ","Match","Exact","1909 MISSION ST, SANTA CRUZ, CA, 95060","-122.042744385162,36.96371933906","125508315","L","06","087","101100","3002"
"29-RC-260849","30-85 Vernon Boulevard, Astoria, NY, ","Match","Exact","30-85 VERNON BLVD, ASTORIA, NY, 11102","-73.934852564177,40.769777334953","59696135","L","36","081","008100","1006"
"32-RC-301559","20523 Hesperian Blvd, Hayward, CA, ","Match","Exact","20523 HESPERIAN BLVD, HAYWARD, CA, 94541","-122.118740701057,37.66643872736","125019623","R","06","001","437101","4002"
"32-RC-347764","1553 Hymer Ave., Sparks, NV, 89431","Match","Exact","1553 HYMER AVE, SPARKS, NV, 89431","-119.763764282227,39.530422199062","107049053","L","32","031","003111","2029"
"31-RC-293741","1700 Lida Street, Pasadena, CA, 91103","Match","Exact","1700 LIDA ST, PASADENA, CA, 91103","-118.189044983913,34.1711983678","642863931","L","06","037","460800","1003"
"31-RC-086237","1025 Del Valle Street, Twentynine Palms, CA, ","No_Match"
"28-RC-261225","4339 So. O'Neil Street Bldg 1250, Yuma, AZ, 85365","No_Match"
"31-RC-278129","240 South Glenn Drive, Camarillo, CA, 93010","Match","Non_Exact","240 GLENN DR, CAMARILLO, CA, 93010","-119.037729877559,34.218846552037","109961085","R","06","111","005403","1030"
"29-RC-066079","7225 Woodhaven Boulevard, Glendale, NY, ","No_Match"
"29-RC-107208","84-05 Parsons Boulevard, Jamaica, NY, ","Match","Exact","84-05 PARSONS BLVD, JAMAICA, NY, 11432","-73.806898455649,40.713720473174","59710868","L","36","081","045000","1009"
"31-RC-108538","5055 California Ave., Bakersfield, CA, ","Match","Exact","5055 CALIFORNIA AVE, BAKERSFIELD, CA, 93309","-119.059304153534,35.361991260887","109085503","L","06","029","001801","5002"
"29-RC-354496","3906 2Nd Avenue, Brooklyn, NY, ","Match","Exact","3906 2ND AVE, BROOKLYN, NY, 11232","-74.010632586865,40.655237900321","59093594","R","36","047","001802","1011"
"28-RC-340997","3900 Ponderosa Way, Las Vegas, NV, 89118","Match","Exact","3900 PONDEROSA WAY, LAS VEGAS, NV, 89118","-115.192073752472,36.080908026537","201870113","R","32","003","002962","1065"
"29-RC-143740","182-22 150Th Avenue, Boca Raton, FL, ","No_Match"
"32-RC-179709","747 52Nd St., Oakland, CA, 94609","Match","Exact","747 52ND ST, OAKLAND, CA, 94609","-122.26819140968,37.837261575478","606194102","L","06","001","401000","1001"
"28-RC-356640","610 West Main Street, Artesia, NM, ","Match","Exact","610 W MAIN ST, ARTESIA, NM, 88210","-104.403731615938,32.842257889929","131191999","L","35","015","001002","3030"
"32-RC-209758","225 North Jackson Avenue, San Jose, CA, ","Match","Exact","225 N JACKSON AVE, SAN JOSE, CA, 95116","-121.848399282458,37.363387720141","122911653","L","06","085","503712","1000"
"32-RC-333135","25430 Road 140, Tulare, CA, 93274","No_Match"
"29-RC-185106","45-15 162Nd Street Flushing, Brooklyn, NY, ","No_Match"
"31-RC-159648","11101 South La Cienaga Blvd., Los Angeles, CA, 90045","Match","Non_Exact","11101 S LA CIENEGA BLVD, LOS ANGELES, CA, 90045","-118.370095359118,33.934464868427","241242564","R","06","037","980028","1082"
"32-RC-325515","6902 Patterson Pass Road, Livermore, CA, 94550","Match","Exact","6902 PATTERSON PASS RD, LIVERMORE, CA, 94550","-121.704399455096,37.695955156187","606323454","R","06","001","451103","1002"
"29-RC-105021","132-14 90Th Street, Ozone Park, NY, ","Match","Exact","132-14 90TH ST, OZONE PARK, NY, 11417","-73.847040467595,40.676245385891","59708316","R","36","081","005800","1002"
"32-RC-150861","29000 Hesperian Boulevard, In Hayward, CA, ","Match","Non_Exact","29000 HESPERIAN BLVD, HAYWARD, CA, 94545","-122.086307842097,37.614244195079","650205958","L","06","001","438400","2016"
"31-RC-337148","26861 Bouquet Canyon Rd., Santa Clarita, CA, 91350","Match","Exact","26861 BOUQUET CANYON RD, SANTA CLARITA, CA, 91350","-118.525205029403,34.434396000425","142701888","L","06","037","920017","2009"
"32-RC-191811","3710 W. Tulare Avenue, Visalia, CA, ","Match","Exact","3710 W TULARE AVE, VISALIA, CA, 93277","-119.331905464184,36.320128268801","202779323","R","06","107","002008","1008"
"32-RC-222302","3450 Enterprise Avenue, Hayward, CA, ","Match","Exact","3450 ENTERPRISE AVE, HAYWARD, CA, 94545","-122.125212644886,37.633239750493","125060918","L","06","001","437101","4050"
"31-RC-279426","4375 North Ventura Ave, Ventura, CA, 93001","Match","Exact","4375 N VENTURA AVE, VENTURA, CA, 93001","-119.290848072872,34.327400430956","109950600","R","06","111","001204","1013"
"29-RC-326442","2695 Briggs Avenue, Astoria, NY, ","No_Match"
"28-RC-203395","6505 Convair Rd., El Paso, TX, ","Match","Exact","6505 CONVAIR RD, EL PASO, TX, 79925","-106.400265006187,31.797520709885","189395197","L","48","141","980000","1005"
"32-RC-170464","305 N. Mathilda Avenue, Sunnyvale, CA, ","Match","Exact","305 N MATHILDA AVE, SUNNYVALE, CA, 94085","-122.032040904577,37.384727520404","618166223","L","06","085","509102","1034"
"29-RC-336255","476 4Th Avenue, Brooklyn, NY, 11215","Match","Exact","476 4TH AVE, BROOKLYN, NY, 11215","-73.989642053756,40.669352240266","59075692","R","36","047","012100","2003"
"32-RC-266369","7409 W. Central Avenue, Fresno, CA, ","Match","Exact","7409 W CENTRAL AVE, FRESNO, CA, 93706","-119.924451468838,36.677108162916","197636618","L","06","019","007600","1003"
"32-RC-292660","1536 3434 High Street, Oakland, CA, 94619","Match","Non_Exact","3434 HIGH ST, OAKLAND, CA, 94619","-122.19651237238,37.786366287038","125004509","R","06","001","407800","1000"
"29-RC-329948","59-25 Little Neck Parkway, Queens, NY, ","No_Match"
"29-RC-162415","24-30 85Th Street, East Elmhurst, NY, 11370","No_Match"
"32-RC-107652","1668 El Pinal Drive, Stockton, CA, ","Match","Exact","1668 EL PINAL DR, STOCKTON, CA, 95205","-121.27494701365,37.984943844725","133928462","R","06","077","001501","3009"
"29-RC-295055","2280 North Ocean Avenue, Farmingville, NY, ","Match","Exact","2280 N OCEAN AVE, FARMINGVILLE, NY, 11738","-73.020774486583,40.826296764689","638600449","R","36","103","158606","3008"
"32-RC-253056","930 Marina Way South, Richmond, CA, 94805","Match","Non_Exact","930 MARINA WAY S, RICHMOND, CA, 94804","-122.355838242701,37.918919702395","655813686","L","06","013","380002","1038"
"28-RC-195332","6005 S Las Vegas Blvd., Las Vegas, NV, 89119","Match","Non_Exact","6005 LAS VEGAS BLVD S, LAS VEGAS, NV, 89119","-115.172750650749,36.084082182799","658299896","L","32","003","006800","4000"
"29-RC-277644","200 Eastern Parkway, Brooklyn, NY, ","Match","Exact","200 EASTERN PKWY, BROOKLYN, NY, 11225","-73.961357166795,40.67109192659","640853028","L","36","047","021300","1004"
"31-RC-301557","6630 Lankershim Blvd., N. Hollywood, CA, ","Match","Exact","6630 LANKERSHIM BLVD, N HOLLYWOOD, CA, 91606","-118.387709510616,34.19088088426","141564275","R","06","037","123205","2004"
"29-RC-242520","2915 W. 5Th Street, Brooklyn, NY, ","Match","Exact","2915 W 5TH ST, BROOKLYN, NY, 11224","-73.97225586811,40.578216862929","650065425","L","36","047","035602","1000"
"32-RC-098291","1524 Mchenry Avenue, In Modesto, CA, ","Match","Non_Exact","1524 MCHENRY AVE, MODESTO, CA, 95350","-120.993872634525,37.665530037822","102604071","R","06","099","001100","2005"
"32-RC-340719","1569 Alvarado Street, Livermore, CA, ","No_Match"
"32-RC-209333","13400 Hanford Armona Road, Hanford, CA, ","Match","Exact","13400 HANFORD ARMONA RD, HANFORD, CA, 93230","-119.697294046869,36.313922275926","655806012","L","06","031","000500","3008"
"28-RC-215397","208712 On 11/27, 2017 At Davis Monthan Air Force Base In Tucson, AZ, ","No_Match"
"29-RC-072700","100-02 Farragut Road, Brooklyn, NY, 11210","No_Match"
"32-RC-183313","4525 W. Tulare Ave, Visalia, CA, ","Match","Exact","4525 W TULARE AVE, VISALIA, CA, 93277","-119.341369783046,36.319983330605","639032768","L","06","107","002009","2001"
"31-RC-185968","201 S. Alvarado St., Los Angeles, CA, ","Match","Exact","201 S ALVARADO ST, LOS ANGELES, CA, 90057","-118.272168324881,34.063873400698","141616443","R","06","037","208502","2002"
"31-RC-309065","1305 Del Norte Road, Camarillo, CA, 93010","Match","Exact","1305 DEL NORTE RD, CAMARILLO, CA, 93010","-119.105275222325,34.222646394959","657713311","R","06","111","005205","3033"
"28-RC-286556","6807 E. Baseline Road, Mesa, AZ, ","Match","Exact","6807 E BASELINE RD, MESA, AZ, 85209","-111.687681751989,33.379334660626","640591066","R","04","013","422617","2001"
"28-RC-261253","2101 Texas Star Lane, North Las Vegas, NV, ","Match","Exact","2101 TEXAS STAR LN, NORTH LAS VEGAS, NV, 89032","-115.189961154849,36.195694013116","201993876","L","32","003","003616","1025"
"32-RC-063182","6851 Smith Avenue, In Newark, CA, ","Match","Non_Exact","6851 SMITH AVE, NEWARK, CA, 94560","-122.021173660226,37.521859386629","606855225","R","06","001","444601","1019"
"31-RC-064010","12312 Olympic Boulevard, Los Angeles, CA, ","Match","Non_Exact","12312 W OLYMPIC BLVD, LOS ANGELES, CA, 90064","-118.456453096398,34.03183480129","141568595","L","06","037","267600","3009"
"31-RC-109816","3111 Winona Avenue, Burbank, CA, 91504","Match","Exact","3111 WINONA AVE, BURBANK, CA, 91504","-118.344581080557,34.199337952331","141592311","R","06","037","310501","2003"
"31-RC-167292","843 Auto Center Drive, Palmdale, CA, 93551","Match","Exact","843 AUTO CENTER DR, PALMDALE, CA, 93551","-118.145082868201,34.591002989752","141857289","L","06","037","910218","2014"
"31-RC-351804","10033 Shoup Ave., Chatsworth, CA, 91311","Match","Exact","10033 SHOUP AVE, CHATSWORTH, CA, 91311","-118.614859552194,34.25276958175","642864175","L","06","037","113213","1013"
"32-RC-310068","1009 9Th Street, Modesto, CA, ","Match","Exact","1009 9TH ST, MODESTO, CA, 95354","-121.001475069072,37.639866154604","102604565","L","06","099","001800","2053"
"32-RC-260603","2919 Fruitvale Avenue, Oakland, CA, ","Match","Non_Exact","2919 FRUITVALE, OAKLAND, CA, 94602","-122.218965338367,37.793597697272","606119531","L","06","001","406400","1001"
"30-RC-079306","7455 Mineral Point Road, Madison, WI, ","Match","Exact","7455 MINERAL POINT RD, MADISON, WI, 53717","-89.51153496268,43.06053402886","636688696","L","55","025","000410","1001"
"28-RC-184653","290 E 8Th St, Tucson, AZ, ","Tie"
"29-RC-338414","270-05 76Th Avenue, New Hyde Park, NY, ","Match","Exact","270-05 76TH AVE, NEW HYDE PARK, NY, 11040","-73.706882858069,40.753333877156","59724527","L","36","081","155104","2000"
"29-RC-299880","8900 Van Wyck Expressway, Ozone Park, NY, 11416","No_Match"
"32-RC-327749","580 Zook Road, Moffett Field, CA, 94035","No_Match"
"28-RC-220738","2008 Front Street, Gila Bend, AZ, 85337","No_Match"
"32-RC-220581","16900 W. Schulte Road, Tracy, CA, ","Match","Exact","16900 W SCHULTE RD, TRACY, CA, 95377","-121.517331511998,37.721831546368","133908044","L","06","077","005213","2043"
"32-RC-082704","550 Sycamore Street, Milpitas, CA, 95035","Match","Non_Exact","550 SYCAMORE DR, MILPITAS, CA, 95035","-121.912717669913,37.410158697828","122959746","R","06","085","505006","1029"
"31-RC-142864","24700 Mcbean Parkway, Valencia, CA, 91355","No_Match"
"32-RC-200501","650 West Alluvial Avenue, Clovis, CA, ","Match","Exact","650 W ALLUVIAL AVE, CLOVIS, CA, 93611","-119.725957785254,36.844767652712","197619309","R","06","019","005514","3007"
"29-RC-126303","120-12 28Th Avenue, Flushing, NY, ","Match","Exact","120-12 28TH AVE, FLUSHING, NY, 11354","-73.847642127787,40.773095200952","59699950","R","36","081","090700","1029"
"28-RC-263449","5005 North Piedras St. E, El Paso, TX, ","Match","Non_Exact","5005 N PIEDRAS ST, EL PASO, TX, 79930","-106.461484821782,31.818502010735","647836762","L","48","141","010601","1004"
"32-RC-337539","2341 Airport Blvd, San Jose, CA, 95110","No_Match"
"29-RC-193167","7 Dekalb Street, Brooklyn, NY, ","Match","Non_Exact","7 DEKALB AVE, BROOKLYN, NY, 11201","-73.982504463576,40.6900326212","641438787","L","36","047","001502","1011"
"29-RC-111298","2 Herrick Drive And 1 Rosalind Place, Lawrence, NY, ","Match","Non_Exact","1 ROSALIND PL, LAWRENCE, NY, 11559","-73.731906965111,40.613876132493","640606785","L","36","059","411600","5000"
"29-RC-114326","218-20 104Th Avenue, Queens Village, NY, ","Match","Exact","218-20 104TH AVE, QUEENS VILLAGE, NY, 11429","-73.738721079967,40.712642630141","59718343","R","36","081","054000","3008"
"29-RC-314473","301 East Main Street, Bay Shore, NY, ","Match","Exact","301 E MAIN ST, BAY SHORE, NY, 11706","-73.241013941334,40.724889862631","113997217","L","36","103","147302","3015"
"31-RC-091692","100302 Yates Well Road, Nipton, CA, ","No_Match"
"31-RC-091695","3100 Sturgis Road, Oxnard, CA, ","Match","Exact","3100 STURGIS RD, OXNARD, CA, 93030","-119.133075876922,34.201809882791","110125331","R","06","111","004902","1022"
"29-RC-151310","37-98 Railroad Avenue, Long Island City, NY, ","No_Match"
"32-RC-068451","2340 Jetstream Drive, Los Banos, CA, ","No_Match"
"28-RC-205133","611 S 80Th Avenue, Tolleson, AZ, 85353","Match","Exact","611 S 80TH AVE, TOLLESON, AZ, 85353","-112.232398075826,33.441938890114","657284184","L","04","013","112510","1017"
"29-RC-066486","1999 Broadhollow Road, Farmingdale, NY, ","No_Match"
"29-RC-193597","882 3Rd Avenue, Brooklyn, NY, ","Match","Exact","882 3RD AVE, BROOKLYN, NY, 11232","-74.00462766643,40.65762641856","59100997","R","36","047","001802","1002"
"32-RC-281963","2452 Watson Court, Palo Alto, CA, 94303","Match","Exact","2452 WATSON CT, PALO ALTO, CA, 94303","-122.119757814868,37.448192708322","122951462","L","06","085","504601","1050"
"32-RC-340742","2070 Clinton Ave., Alameda, CA, 94501","Match","Exact","2070 CLINTON AVE, ALAMEDA, CA, 94501","-122.253730339647,37.763223002918","606851994","R","06","001","428500","2007"
"29-RC-255889","1188 Flatbush Ave., Brooklyn, NY, ","Match","Exact","1188 FLATBUSH AVE, BROOKLYN, NY, 11226","-73.956439920818,40.641220332966","642653429","R","36","047","051602","2001"
"31-RC-277685","1805 Medical Center Dr., San Bernardino, CA, ","Match","Non_Exact","1805 N MEDICAL CENTER DR, SAN BERNARDINO, CA, 92411","-117.322504081604,34.131286515667","144652309","R","06","071","004202","3013"
"31-RC-350537","859 N. Highland Avenue, Los Angeles, CA, 90038","Match","Exact","859 N HIGHLAND AVE, LOS ANGELES, CA, 90038","-118.338656611674,34.086341136558","141599535","L","06","037","191902","2005"
"31-RC-093803","2900 Jurupa Street, Ontario, CA, ","Match","Non_Exact","2900 E JURUPA ST, ONTARIO, CA, 91761","-117.58907970867,34.048267478896","637313802","R","06","071","012700","1070"
"29-RC-314420","900 Franklin Avenue, Valley Stream, NY, ","Match","Exact","900 FRANKLIN AVE, VALLEY STREAM, NY, 11580","-73.685778053862,40.681668831375","639353741","R","36","059","410000","3014"
"31-RC-352713","4175 Admiralty Way, Marina De Rey, CA, 90292","Match","Non_Exact","4175 ADMIRALTY WAY, MARINA DEL REY, CA, 90292","-118.458078224831,33.982845085152","142454862","R","06","037","702900","1001"
"29-RC-201626","42-15 81St Street, Elmhurst, NY, ","Match","Exact","42-15 81ST ST, ELMHURST, NY, 11373","-73.884029605576,40.743091799213","59729947","L","36","081","048100","4000"
"32-RC-264149","1069 Growers Street, Salinas, CA, ","Match","Exact","1069 GROWERS ST, SALINAS, CA, 93901","-121.631779025387,36.650505797708","196875381","L","06","053","014500","1035"
"29-RC-125032","170 Express Street, Plainview, NY, ","Match","Exact","170 EXPRESS ST, PLAINVIEW, NY, 11803","-73.462539026761,40.788536005733","638078282","L","36","059","519702","2006"
"29-RC-183778","505 Cozine Avenue, Brooklyn, NY, ","Match","Exact","505 COZINE AVE, BROOKLYN, NY, 11208","-73.874218927926,40.659831843397","59095347","L","36","047","107800","1005"
"32-RC-201897","2000 Adams Avenue, San Leandro, CA, ","Match","Exact","2000 ADAMS AVE, SAN LEANDRO, CA, 94577","-122.19191171978,37.725410422134","125009952","R","06","001","432400","3002"
"32-RC-108943","48845 West Nees Avenue, Firebaugh, CA, ","Match","Exact","48845 W NEES AVE, FIREBAUGH, CA, 93622","-120.654705636935,36.85061814144","197550035","R","06","019","008402","2140"
"29-RC-170481","239 India Street, Brooklyn, NY, ","Match","Exact","239 INDIA ST, BROOKLYN, NY, 11222","-73.951004873387,40.732724439162","641033139","L","36","047","057901","2016"
"29-RC-233618","500 Kingsland Ave., Brooklyn, NY, 11222","Match","Exact","500 KINGSLAND AVE, BROOKLYN, NY, 11222","-73.942744653961,40.732831539423","641037817","R","36","047","057902","1004"
"31-RC-168171","345 S. Halcyon Rd, Pismo Beach, CA, 93449","No_Match"
"29-RC-280841","38-20 Review Avenue, Long Island City, NY, 11101","Match","Exact","38-20 REVIEW AVE, LONG ISLAND CITY, NY, 11101","-73.936330246711,40.732593976647","59731973","R","36","081","019902","1016"
"32-RC-137041","2950 Collier Canyon Road, Livermore, CA, ","Match","Exact","2950 COLLIER CANYON RD, LIVERMORE, CA, 94551","-121.805147702831,37.707261930391","125079465","L","06","001","450752","1034"
"32-RC-220150","2477 Arnold Industrial Way, Concord, CA, ","Match","Exact","2477 ARNOLD INDUSTRIAL WAY, CONCORD, CA, 94520","-122.024847065268,38.010874797428","192109863","L","06","013","315000","1067"
"29-RC-090575","23-30 Borden Avenue, Long Island City, NY, ","Match","Exact","23-30 BORDEN AVE, LONG ISLAND CITY, NY, 11101","-73.949207281748,40.740248761791","59692027","R","36","081","000104","1019"
"31-RC-312241","2740 W. Olympic Blvd., Los Angeles, CA, 90006","Match","Exact","2740 W OLYMPIC BLVD, LOS ANGELES, CA, 90006","-118.293394432571,34.052598851075","141605095","L","06","037","213320","1002"
"31-RC-209589","5410 West Century Boulevard, Los Angeles, CA, 90045","Match","Exact","5410 W CENTURY BLVD, LOS ANGELES, CA, 90045","-118.372157199967,33.94519286736","241128586","L","06","037","980028","1066"
"29-RC-348653","2237 Linden Boulevard, Brooklyn, NY, 11207","Match","Exact","2237 LINDEN BLVD, BROOKLYN, NY, 11207","-73.880806240729,40.663061769033","640860455","L","36","047","111600","1010"
"32-RC-110810","701 S. Walnut, Turlock, CA, ","Match","Non_Exact","701 S WALNUT RD, TURLOCK, CA, 95380","-120.867775464406,37.48709750602","102623719","R","06","099","003700","1012"
"28-RC-221634","859 E Randolph Rd, Coolidge, AZ, ","No_Match"
"31-RC-326888","42210 6Th St W, Lancaster, CA, 93534","Match","Exact","42210 6TH ST W, LANCASTER, CA, 93534","-118.141158751857,34.648358466819","241252447","L","06","037","900704","2007"
"31-RC-286145","1585 Kansas Avenue, San Luis Obispo, CA, 93405","Match","Exact","1585 KANSAS AVE, SAN LUIS OBISPO, CA, 93405","-120.727466588847,35.321191848395","637796127","L","06","079","011505","3101"
"31-RC-345164","3033 Huntington Drive., Pasadena, CA, ","Match","Exact","3033 HUNTINGTON DR, PASADENA, CA, 91107","-118.088009022725,34.127804494872","141634215","L","06","037","463103","2021"
"28-RC-311124","4151 South Avenue, Yuma, AZ, ","No_Match"
"32-RC-172225","2491 W. 10Th Street, Antioch, CA, ","Match","Exact","2491 W 10TH ST, ANTIOCH, CA, 94509","-121.828248411356,38.012427415406","192032125","L","06","013","305000","4020"
"29-RC-077121","4427 Purves Street, Long Island City, NY, ","Match","Exact","4427 PURVES ST, LONG ISLAND CITY, NY, 11101","-73.941132557204,40.747061341735","59692120","L","36","081","001902","1014"
"31-RC-089351","1950 Sterling Avenue, Ontario, CA, 91762","Match","Non_Exact","1950 S STERLING AVE, ONTARIO, CA, 91761","-117.581708102797,34.038713154013","144735253","L","06","071","012700","1081"
"32-RC-298376","400 S. M Street, Tulare, CA, 93274","Match","Exact","400 S M ST, TULARE, CA, 93274","-119.342497080834,36.204500622049","607543809","L","06","107","002901","2055"
"28-RC-279828","9201 Gateway South Boulevard, El Paso, TX, ","No_Match"
"32-RC-314464","20 And St, Sonora, CA, ","No_Match"
"31-RC-312277","1225 Wilshire Blvd, Los Angeles, CA, 90017","Match","Exact","1225 WILSHIRE BLVD, LOS ANGELES, CA, 90017","-118.265290763362,34.053254009127","141616706","R","06","037","209106","1000"
"29-RC-079304","101 Hospital Road, Patchogue, NY, 11772","Match","Exact","101 HOSPITAL RD, PATCHOGUE, NY, 11772","-72.978165126072,40.78033948522","643034636","L","36","103","159110","1021"
"31-RC-337532","13471 Mariposa Rd., Victorville, CA, 92393","Match","Non_Exact","13471 MARIPOSA RD, VICTORVILLE, CA, 92395","-117.329094669756,34.494488186134","627909298","R","06","071","010036","2003"
"32-RC-159279","327 1265 Mary St, Sunnyvale, CA, 94087","No_Match"
"31-RC-099132","2825 E Ave, Palmdale, CA, 93350","Match","Non_Exact","2825 E AVE S, PALMDALE, CA, 93550","-118.078999202203,34.558155723934","640419981","L","06","037","910608","2015"
"32-RC-349541","550 6Th Street, Oakland, CA, ","Match","Exact","550 6TH ST, OAKLAND, CA, 94607","-122.27706687372,37.799815290475","639854298","R","06","001","403100","2006"
"32-RC-301166","2122 N. Pl, Visalia, CA, ","No_Match"
"29-RC-268720","5002 8Th Avenue, Brooklyn, NY, ","Match","Exact","5002 8TH AVE, BROOKLYN, NY, 11220","-74.003829546012,40.641092734382","59094806","R","36","047","010801","2000"
"31-RC-168194","18300 Roscoe Blvd, Northridge, CA, 91328","Match","Non_Exact","18300 ROSCOE BLVD, NORTHRIDGE, CA, 91325","-118.531779172388,34.220735735315","642865437","L","06","037","131400","3000"
"29-RC-194449","121 Dekalb Avenue, Brooklyn, NY, ","Match","Exact","121 DEKALB AVE, BROOKLYN, NY, 11205","-73.972208920166,40.689645721451","59077674","L","36","047","018300","2001"
"32-RC-175744","744 52Nd Street, Walnut Creek, CA, ","No_Match"
"29-RC-336209","184 7Th Street, Garden City, NY, 11530","Match","Exact","184 7TH ST, GARDEN CITY, NY, 11530","-73.634618988687,40.725128217913","147673619","R","36","059","406400","5014"
"29-RC-074084","459 Van Brunt Street, Brooklyn, NY, 11231","Match","Exact","459 VAN BRUNT ST, BROOKLYN, NY, 11231","-74.016171507419,40.674479351609","59093498","L","36","047","005301","2005"
"31-RC-168191","1600 N. Rose Ave, Oxnard, CA, 93030","Match","Exact","1600 N ROSE AVE, OXNARD, CA, 93030","-119.158348842268,34.216404548225","110126299","R","06","111","004901","2000"
"28-RC-276307","11108 Csme Slewitzkes, Fort Bliss, TX, ","No_Match"
"28-RC-275459","2000 Wyoming Blvd., Albuquerque, NM, ","Match","Non_Exact","2000 WYOMING BLVD NE, ALBUQUERQUE, NM, 87112","-106.550776486876,35.103751067126","206717447","R","35","001","000121","3002"
"32-RC-241050","1475 N Broadway, Walnut Creek, CA, ","Match","Exact","1475 N BROADWAY, WALNUT CREEK, CA, 94596","-122.060190440436,37.900314986453","657843010","L","06","013","339003","2008"
"32-RC-314472","1211 Embarcadero, Oakland, CA, 94606","Match","Exact","1211 EMBARCADERO, OAKLAND, CA, 94606","-122.25234775679,37.788380871498","641385279","R","06","001","406000","1022"
"29-RC-285895","7 South, Flushing, NY, ","No_Match"
"32-RC-155222","77 Beale Street, San Francisco, CA, ","Match","Exact","77 BEALE ST, SAN FRANCISCO, CA, 94105","-122.396131042649,37.791492601145","640937659","L","06","075","061507","1009"
"31-RC-163871","10685 Beech Avenue, Fontana, CA, ","Match","Exact","10685 BEECH AVE, FONTANA, CA, 92337","-117.47122178159,34.05944079103","144641848","L","06","071","002609","2013"
"29-RC-162920","347 Stockholm Street, Brooklyn, NY, ","Match","Exact","347 STOCKHOLM ST, BROOKLYN, NY, 11237","-73.918187131431,40.704266160289","59082474","L","36","047","044500","1002"
"29-RC-191493","440 Kent Avenue, Brooklyn, NY, ","Match","Exact","440 KENT AVE, BROOKLYN, NY, 11249","-73.968549606435,40.70889786312","59101738","L","36","047","054700","3004"
"28-RC-228177","1601 W. St. Mary'S Road, Tucson, AZ, ","Tie"
"31-RC-321450","625 S. Fair Oaks Ave., Pasadena, CA, 91105","Match","Exact","625 S FAIR OAKS AVE, PASADENA, CA, 91105","-118.150434939135,34.13515440392","141629682","R","06","037","463900","1000"
"30-RC-097359","2505 East Bradford Avenue, Location In Milwaukee, WI, ","Match","Non_Exact","2505 E BRADFORD AVE, MILWAUKEE, WI, 53211","-87.878724514556,43.063649407175","645468326","R","55","079","007600","3006"
"29-RC-228861","89-55 Queens Boulevard, Elmhurst, NY, ","Match","Exact","89-55 QUEENS BLVD, ELMHURST, NY, 11373","-73.872963640887,40.734520918594","640916656","L","36","081","068300","1003"
"28-RC-252280","11011 West Charleston Boulevard, Las Vegas, NV, ","Match","Exact","11011 W CHARLESTON BLVD, LAS VEGAS, NV, 89135","-115.333850885854,36.158765423014","638415685","R","32","003","005843","1005"
"31-RC-073831","12979 Enterprise Way, Victorville, CA, ","Match","Exact","12979 ENTERPRISE WAY, VICTORVILLE, CA, 92395","-117.288577283862,34.48924271747","614851140","R","06","071","010037","3013"
"31-RC-150568","3801 E. Guasti Rd., Ontario, CA, ","Match","Exact","3801 E GUASTI RD, ONTARIO, CA, 91761","-117.569433937452,34.063867584219","144637733","L","06","071","012700","1013"
"29-RC-144260","5080 Sunrise Highway, Massepequa Park, NY, ","Match","Non_Exact","5080 SUNRISE HWY, MASSAPEQUA PARK, NY, 11762","-73.445933092652,40.677866645255","637911532","R","36","059","521802","3004"
"28-RC-164424","3730 S. Las Vegas Blvd., Las Vegas, NV, 89109","Match","Non_Exact","3730 LAS VEGAS BLVD S, LAS VEGAS, NV, 89109","-115.17304400914,36.106025443092","650071485","R","32","003","006700","1016"
"28-RC-326602","2001 Centro Familiar Sw, Albuquerque, NM, ","Match","Non_Exact","2001 CENTRO FAMILIAR BLVD SW, ALBUQUERQUE, NM, 87105","-106.683488105665,35.044416092837","614098149","L","35","001","004502","1009"
"32-RC-128092","1601 Ygnacio Valley Rd., Walnut Creek, CA, ","Match","Exact","1601 YGNACIO VALLEY RD, WALNUT CREEK, CA, 94598","-122.042732849994,37.913821588233","657864128","R","06","013","338302","3009"
"32-RC-305662","909 Union Street, Kingsburg, CA, ","Match","Exact","909 UNION ST, KINGSBURG, CA, 93631","-119.556796828475,36.520072264088","197592932","L","06","019","007204","2004"
"31-RC-278744","10250 Ranch Road, Adelanto, CA, 92301","Match","Exact","10250 RANCHO RD, ADELANTO, CA, 92301","-117.44190575512,34.557703337364","614835166","L","06","071","009133","3134"
"29-RC-087378","59-21 Calloway Street, Corona, NY, ","Match","Exact","59-21 CALLOWAY ST, CORONA, NY, 11368","-73.856870225057,40.737647583624","59732104","L","36","081","043702","3002"
"32-RC-122794","1820 N. Macarthur Drive, In Tracy, CA, ","Match","Non_Exact","1820 N MACARTHUR DR, TRACY, CA, 95376","-121.409482303493,37.744955093864","133916835","L","06","077","005214","2010"
"31-RC-341059","6222 Barstow Road, Fort Irwin, CA, ","No_Match"
"32-RC-122799","1820 N. Macarthur Drive And 100 W. Valpico Road, In Tracy, CA, ","Match","Non_Exact","S MACARTHUR DR & W VALPICO RD, TRACY, CA, 95376","-121.416223944633,37.710489988301","","","06","077","005215","1005"
"28-RC-311111","7220 West Azure Drive, Las Vegas, NV, 89130","Match","Exact","7220 W AZURE DR, LAS VEGAS, NV, 89130","-115.251923307645,36.27348513754","618035875","R","32","003","003303","1008"
"29-RC-162940","44-60 Rockwell Place, Brooklyn, NY, ","Tie"
"29-RC-286747","265 State Street, Brooklyn, NY, ","Match","Exact","265 STATE ST, BROOKLYN, NY, 11201","-73.987803041083,40.688950479653","59075336","L","36","047","004300","2000"
"28-RC-257985","615 S. 43Rd Ave., Phoenix, AZ, 85009","Match","Exact","615 S 43RD AVE, PHOENIX, AZ, 85009","-112.151661265237,33.447084941788","128264871","L","04","013","114600","1009"
"32-RC-132117","801 S. Pine Street, Madera, CA, ","Match","Exact","801 S PINE ST, MADERA, CA, 93637","-120.073969051862,36.944127667117","657069361","R","06","039","000511","2004"
"32-RC-177028","355 Lennon Lane, Lathrop, CA, ","No_Match"
"32-RC-249877","1799 Marlow Road, Santa Rosa, CA, ","Match","Exact","1799 MARLOW RD, SANTA ROSA, CA, 95401","-122.751396469975,38.452527074155","655807693","L","06","097","153006","4000"
"29-RC-318654","781 Franklin Avenue, Brooklyn, NY, ","Match","Exact","781 FRANKLIN AVE, BROOKLYN, NY, 11238","-73.957361371014,40.672137761847","59079340","L","36","047","021900","3003"
"32-RC-247696","6791 Alexander Street, Gilroy, CA, 95020","No_Match"
"31-RC-160389","10685 Beech Avenue, Fontana, CA, ","Match","Exact","10685 BEECH AVE, FONTANA, CA, 92337","-117.47122178159,34.05944079103","144641848","L","06","071","002609","2013"
"29-RC-125967","612 Wortman Avenue, Brooklyn, NY, ","Match","Exact","612 WORTMAN AVE, BROOKLYN, NY, 11208","-73.871590011513,40.662623600847","59095359","R","36","047","107800","1001"
"31-RC-068464","93 Goldstone Road, Fort Irwin, CA, 92310","No_Match"
"32-RC-297920","1338 San Pablo Ave, Berkeley, CA, ","Match","Exact","1338 SAN PABLO AVE, BERKELEY, CA, 94702","-122.295750522429,37.879719708095","124992883","R","06","001","422000","2014"
"31-RC-160396","10685 Beech Avenue, Fontana, CA, ","Match","Exact","10685 BEECH AVE, FONTANA, CA, 92337","-117.47122178159,34.05944079103","144641848","L","06","071","002609","2013"
"32-RC-108001","901 Gilman Street, Berkeley, CA, 94710","Match","Exact","901 GILMAN ST, BERKELEY, CA, 94710","-122.300273270485,37.879633893496","606275496","L","06","001","422000","2008"
"32-RC-348375","235 W. 6Th Street, Reno, NV, 89503","Match","Exact","235 W 6TH ST, RENO, NV, 89503","-119.818080761424,39.531714958139","107042966","R","32","031","000103","1002"
"31-RC-117965","215 West Janss Road, Thousand Oaks, CA, 91360","Match","Exact","215 W JANSS RD, THOUSAND OAKS, CA, 91360","-118.882617150117,34.206505348736","645818111","R","06","111","006600","2018"
"32-RC-251739","400 South M. Street, Tulare, CA, ","Match","Exact","400 S M ST, TULARE, CA, 93274","-119.342497080834,36.204500622049","607543809","L","06","107","002901","2055"
"29-RC-341436","667 Kent Avenue, Brooklyn, NY, ","Match","Exact","667 KENT AVE, BROOKLYN, NY, 11249","-73.963216716468,40.701107361373","59077808","L","36","047","053900","1000"
"32-RC-210375","1555 Soquel Drive, Santa Cruz, CA, 95065","Match","Exact","1555 SOQUEL DR, SANTA CRUZ, CA, 95065","-121.984356829024,36.988232879582","606001915","L","06","087","121300","1003"
"28-RC-355122","8951 N. Terryl B Adams Street, North Las Vegas, NV, ","Match","Non_Exact","8951 N TERRYL B ADAMS ST, LAS VEGAS, NV, 89165","-114.986209060314,36.316577511407","658477042","R","32","003","005902","1211"
"29-RC-250316","37-06 61St Street W, Woodside, NY, ","Match","Non_Exact","37-06 61ST ST, WOODSIDE, NY, 11377","-73.901800452487,40.749324624636","59693317","R","36","081","025900","1006"
"29-RC-343610","25-10 30Th Avenue, Astoria, NY, 11102","Match","Exact","25-10 30TH AVE, ASTORIA, NY, 11102","-73.924768814931,40.768407012682","59726802","R","36","081","007300","1001"
"31-RC-308003","16423 Sierra Lakes Pkwy., Fontana, CA, 92336","Match","Exact","16423 SIERRA LAKES PKWY, FONTANA, CA, 92336","-117.447043550188,34.137909793594","614814577","L","06","071","002708","1017"
"32-RC-318518","2 School Bus Drive, Porterville, CA, ","No_Match"
"31-RC-255625","11600 Dayton Drive, Rancho Cucamongo, CA, ","Match","Non_Exact","11600 DAYTON DR, RANCHO CUCAMONGA, CA, 91730","-117.552084277425,34.089943199981","144640917","L","06","071","002112","2024"
"29-RC-100209","57-34 Main Street, Flushing, NY, ","Match","Exact","57-34 MAIN ST, FLUSHING, NY, 11355","-73.82587099659,40.744511320662","59709669","R","36","081","080301","3001"
"32-RC-193994","422 S. Fruit Avenue, Fresno, CA, ","Match","Exact","422 S FRUIT AVE, FRESNO, CA, 93706","-119.817574756115,36.737938197496","197612085","R","06","019","000702","1043"
"32-RC-279286","4105 W. Idaho Street, Elko, NV, ","Match","Non_Exact","4105 E IDAHO ST, ELKO, NV, 89801","-115.732779066811,40.864972313033","154788665","L","32","007","951300","2005"
"32-RC-085247","525 Auto Center Drive And 535 Auto Center Drive, Watsonville, CA, ","Match","Non_Exact","525 AUTO CENTER DR, WATSONVILLE, CA, 95076","-121.769427896494,36.918965353799","618143535","L","06","087","110505","1010"
"28-RC-186204","3708 Las Vegas Boulevard South, Las Vegas, NV, ","Tie"
"29-RC-079731","8900 Van Wyck Expressway, Jamaica, NY, ","Match","Exact","89-00 VAN WYCK EXPY, JAMAICA, NY, 11418","-73.816350697511,40.701327473153","59735280","R","36","081","014202","1006"
"29-RC-120280","195 Oval Dr., Islandia, NY, ","Match","Exact","195 OVAL DR, ISLANDIA, NY, 11749","-73.193735632541,40.805013896587","113989747","R","36","103","145804","1019"
"29-RC-353887","205 Marcus Boulevard, Hauppauge, NY, ","Match","Exact","205 MARCUS BLVD, HAUPPAUGE, NY, 11788","-73.247274622146,40.81564589712","113983722","L","36","103","135209","1027"
"32-RC-181552","38801 Cherry Street, Newark, CA, ","Match","Exact","38801 CHERRY ST, NEWARK, CA, 94560","-122.014853364214,37.523030434295","649954831","R","06","001","444601","1019"
"31-RC-085855","1911 Johnson Avenue, San Luis Obispo, CA, ","Match","Exact","1911 JOHNSON AVE, SAN LUIS OBISPO, CA, 93401","-120.64983724368,35.278181369278","655803498","L","06","079","011002","1019"
"29-RC-125543","139 Flatbush Avenue, Brooklyn, NY, ","Match","Exact","139 FLATBUSH AVE, BROOKLYN, NY, 11217","-73.977425085286,40.684128296853","59077630","L","36","047","003500","1003"
"31-RC-136697","550 N. Monterey Ave., Ontario, CA, ","Match","Exact","550 N MONTEREY AVE, ONTARIO, CA, 91764","-117.643670746031,34.068871836886","145225984","R","06","071","001501","1003"
"31-RC-346795","6901 District Blvd., Bakersfield, CA, 93313","Match","Exact","6901 DISTRICT BLVD, BAKERSFIELD, CA, 93313","-119.078647556988,35.313071307377","109091192","L","06","029","003131","2006"
"31-RC-082340","3350 South Enterprise Drive, Bloomington, CA, 92316","Match","Non_Exact","3350 ENTERPRISE DR, BLOOMINGTON, CA, 92316","-117.368355062239,34.03790515809","614886200","R","06","071","004003","2015"
"31-RC-085853","1400 East Church Street, Santa Maria, CA, ","Match","Exact","1400 E CHURCH ST, SANTA MARIA, CA, 93454","-120.41459704214,34.952035881956","108595926","L","06","083","002211","4005"
"32-RC-235664","14766 Washington Ave, San Leandro, CA, ","Match","Exact","14766 WASHINGTON AVE, SAN LEANDRO, CA, 94578","-122.139108227055,37.697157557446","633934027","R","06","001","433200","2000"
"31-RC-343285","24724 Quarry Rd., Apple Valley, CA, 92307","No_Match"
"29-RC-190597","44-60 Rockwell Place, Brooklyn, NY, ","Tie"
"32-RC-342648","2400 Keystone Pacific Parkway, Patterson, CA, 95363","Match","Exact","2400 KEYSTONE PACIFIC PKWY, PATTERSON, CA, 95363","-121.1648950195,37.4757571928","102647782","L","06","099","003300","2097"
"31-RC-207570","3700 West 190Th Street, Torrance, CA, 90504","Match","Exact","3700 W 190TH ST, TORRANCE, CA, 90504","-118.336907809126,33.858270874988","142756101","L","06","037","980005","1007"
"32-RC-319854","4050 Piedmont Ave, Oakland, CA, 94611","Match","Non_Exact","4050 PIEDMONT, OAKLAND, CA, 94611","-122.252753288733,37.826054543009","606340762","R","06","001","404102","2001"
"29-RC-338233","540 Fulton Ave And 35 Carmans Road, Hempstead, NY, ","Match","Non_Exact","540 FULTON AVE, HEMPSTEAD, NY, 11550","-73.612981527748,40.71058819037","640606681","R","36","059","407201","3000"
"32-RC-327475","650 University Ave., Berkeley, CA, 94710","No_Match"
"32-RC-267242","1915 Fairway Drive, San Leandro, CA, 94577","Match","Exact","1915 FAIRWAY DR, SAN LEANDRO, CA, 94577","-122.16844904994,37.70344653922","606135146","R","06","001","432400","2004"
"32-RC-223269","15891 Los Gatos-Almaden Road, Los Gatos, CA, ","Match","Exact","15891 LOS GATOS ALMADEN RD, LOS GATOS, CA, 95032","-121.947727306994,37.243659772796","648481806","R","06","085","506802","1021"
"28-RC-319038","4021 Hondo Pass, El Paso, TX, ","No_Match"
"31-RC-326713","10262 Norris Ave, Pacoima, CA, 91331","Match","Exact","10262 NORRIS AVE, PACOIMA, CA, 91331","-118.402051237914,34.256414721278","642869217","R","06","037","104703","1000"
"31-RC-277855","2238 South Euclid Avenue, Ontario, CA, ","Match","Exact","2238 S EUCLID AVE, ONTARIO, CA, 91762","-117.651117679156,34.032757221436","636276087","R","06","071","001704","3010"
"32-RC-337276","315 Mercy Avenue, In Merced, CA, ","Match","Non_Exact","315 MERCY AVE, MERCED, CA, 95340","-120.465217725776,37.340816226731","125347699","L","06","047","001801","1015"
"29-RC-228436","3131 Nesconset Highway, Centerreach, NY, ","Match","Non_Exact","3131 NESCONSET HWY, CENTEREACH, NY, 11720","-73.098039442795,40.888094680907","638167406","R","36","103","158108","2009"
"32-RC-319868","5095 Telegraph Ave S, Uite #1 Oakland, CA, 94609","Match","Non_Exact","5095 TELEGRAPH AVE, OAKLAND, CA, 94609","-122.262472444391,37.837141261666","606339922","L","06","001","401100","4002"
"32-RC-344835","1730 Franklin Street, Oakland, CA, ","Match","Exact","1730 FRANKLIN ST, OAKLAND, CA, 94612","-122.26832674863,37.806356725995","124997165","R","06","001","402900","1017"
"34-RC-078681","307 White Street, Danbury, CT, ","Match","Exact","307 WHITE ST, DANBURY, CT, 06810","-73.431209197835,41.399360914953","3232321","L","09","001","210402","3006"
"31-RC-173237","3355 E. Spring Street S, Long Beach, CA, ","Match","Non_Exact","3355 E SPRING ST, LONG BEACH, CA, 90806","-118.152880090427,33.810671187662","141818871","L","06","037","980018","1002"
"29-RC-078862","126-46 34Th Avenue, Flushing, NY, ","Match","Exact","126-46 34TH AVE, FLUSHING, NY, 11368","-73.843874229444,40.760140889794","59700010","R","36","081","038301","1016"
"32-RC-132554","50 West Ohio Avenue, And 100 West Ohio Avenue In Richmond, CA, ","Match","Non_Exact","50 W OHIO AVE, RICHMOND, CA, 94804","-122.369544070732,37.93078874363","192037446","L","06","013","379000","4014"
"32-RC-097284","16900 W. Schulte Road, Tracy, CA, ","Match","Exact","16900 W SCHULTE RD, TRACY, CA, 95377","-121.517331511998,37.721831546368","133908044","L","06","077","005213","2043"
"29-RC-238249","79-01 Broadway, Elmhurst, NY, ","No_Match"
"32-RC-181574","2200 Mission College Blvd, Santa Clara, CA, ","Match","Exact","2200 MISSION COLLEGE BLVD, SANTA CLARA, CA, 95054","-121.964939755485,37.388658539275","122958487","R","06","085","505010","3011"
"29-RC-178019","1701 Sunrise Hwy, Bayshore, NY, 11706","Match","Exact","1701 SUNRISE HWY, BAY SHORE, NY, 11706","-73.244225170239,40.736773816212","638143137","R","36","103","146005","2014"
"32-RC-295706","2770 S. California Street, Stockton, CA, 95206","Match","Non_Exact","2770 CALIFORNIA ST, STOCKTON, CA, 95206","-121.278845883798,37.92438417706","133852731","L","06","077","002300","2001"
"32-RC-329203","100 Bay View Dr., Mountain View, CA, 94043","No_Match"
"31-RC-215140","5933 West Century Blvd., Los Angeles, CA, 90045","Match","Exact","5933 W CENTURY BLVD, LOS ANGELES, CA, 90045","-118.386891536096,33.945615333889","657082558","R","06","037","980028","1050"
"29-RC-103778","129 Hanse Avenue, Freeport, NY, ","Match","Exact","129 HANSE AVE, FREEPORT, NY, 11520","-73.572351814822,40.647894499297","147825428","R","36","059","414400","5015"
"32-RC-277078","1832 B Street, Hayward, CA, ","Match","Exact","1832 B ST, HAYWARD, CA, 94541","-122.067177980631,37.681963955668","125021461","L","06","001","435300","1001"
"31-RC-100276","5446 Cleon Avenue, North Hollywood, CA, ","Match","Exact","5446 CLEON AVE, NORTH HOLLYWOOD, CA, 91601","-118.368543873905,34.169508328454","141591676","R","06","037","125310","2009"
"32-RC-282877","6900 Stewart Ave, Fremont, CA, ","No_Match"
"32-RC-317697","1430 Monterey Hwy, San Jose, CA, 95110","Match","Exact","1430 MONTEREY HWY, SAN JOSE, CA, 95110","-121.873254142155,37.315985115274","636427597","L","06","085","503122","1009"
"31-RC-355240","17474 Catalpa Street, Hesperia, CA, 92345","Match","Exact","17474 CATALPA ST, HESPERIA, CA, 92345","-117.282879697178,34.459640595754","144588542","R","06","071","010012","1002"
"31-RC-271281","900 Crenshaw Boulevard, Los Angeles, CA, 90019","Match","Exact","900 CRENSHAW BLVD, LOS ANGELES, CA, 90019","-118.321999019146,34.056279416279","657292762","L","06","037","212701","1003"
"32-RC-314186","1901 Broadway, Oakland, CA, 94612","Match","Exact","1901 BROADWAY, OAKLAND, CA, 94612","-122.269145423392,37.807874994067","606178831","L","06","001","402801","1017"
"31-RC-183063","10905 Beech Ave, Fontana, CA, ","Match","Exact","10905 BEECH AVE, FONTANA, CA, 92337","-117.471222519865,34.055561880444","144641874","L","06","071","002609","2026"
"29-RC-182987","144 Pilling Street, Brooklyn, NY, ","Match","Exact","144 PILLING ST, BROOKLYN, NY, 11207","-73.905260916702,40.686200933143","59084226","R","36","047","040300","1001"
"29-RC-244914","61-35 Junction Boulevard, Rego Park, NY, ","No_Match"
"29-RC-207094","282 South 5Th Street, Brooklyn, NY, ","Match","Exact","282 S 5TH ST, BROOKLYN, NY, 11211","-73.957791080304,40.709119728187","59076189","R","36","047","052500","1004"
"32-RC-268597","26318 Corporate Avenue, Hayward, CA, ","Match","Exact","26318 CORPORATE AVE, HAYWARD, CA, 94545","-122.114003449973,37.628035869905","125019928","L","06","001","437101","1030"
"31-RC-313879","339 11Th Street, Lompoc, CA, 93436","No_Match"
"29-RC-207098","2520 Flatbush Avenue, Brooklyn, NY, ","Match","Exact","2520 FLATBUSH AVE, BROOKLYN, NY, 11234","-73.921619712507,40.608933876821","59092532","R","36","047","066200","1006"
"29-RC-307515","277 Bedford Ave, Brooklyn, NY, ","Match","Exact","277 BEDFORD AVE, BROOKLYN, NY, 11211","-73.961283174264,40.714376199553","59076072","L","36","047","055100","2000"
"29-RC-207091","15 Hempstead Gardens Drive, West Hempstead, NY, 11552","Match","Exact","15 HEMPSTEAD GARDENS DR, WEST HEMPSTEAD, NY, 11552","-73.64040126841,40.702934352784","147675909","L","36","059","406201","1001"
"29-RC-091807","500 Old Country Road, Huntington Station, NY, ","Match","Exact","500 OLD COUNTRY RD, HUNTINGTON STATION, NY, 11746","-73.382116235849,40.81359417928","114229041","R","36","103","112002","1009"
"29-RC-114881","750 Park Place, Long Beach, NY, ","Match","Exact","750 PARK PL, LONG BEACH, NY, 11561","-73.661212119061,40.593317898157","147821996","R","36","059","416500","2005"
"32-RC-282886","1505 Tillie Lewis Drive, Stockton, CA, 95206","Match","Exact","1505 TILLIE LEWIS DR, STOCKTON, CA, 95206","-121.318387378296,37.935873803529","133899217","R","06","077","000803","1003"
"31-RC-124210","12979 Enterprise Way, Victorville, CA, 92395","Match","Exact","12979 ENTERPRISE WAY, VICTORVILLE, CA, 92395","-117.288577283862,34.48924271747","614851140","R","06","071","010037","3013"
"32-RC-319881","2501 Telegraph Ave., Berkeley, CA, 94704","Match","Exact","2501 TELEGRAPH AVE, BERKELEY, CA, 94704","-122.258443721863,37.865124876896","606410515","L","06","001","423602","2005"
"32-RC-076341","1333 East Turner Road, Lodi, CA, ","Match","Non_Exact","1333 W TURNER RD, LODI, CA, 95242","-121.333360643115,38.145679240483","645187787","L","06","077","004105","3009"
"32-RC-341308","16888 Mckinley Ave, Lathrop, CA, 95330","Match","Exact","16888 MCKINLEY AVE, LATHROP, CA, 95330","-121.271088105883,37.808040240604","133855445","L","06","077","005119","2047"
"29-RC-155797","34 Berry Street, Brooklyn, NY, ","Match","Exact","34 BERRY ST, BROOKLYN, NY, 11249","-73.956318512934,40.72122666015","59076427","R","36","047","055700","2008"
"29-RC-075317","1040 Waverly Avenue, Holtsville, NY, ","Match","Exact","1040 WAVERLY AVE, HOLTSVILLE, NY, 11742","-73.045224100459,40.817338676119","114007660","L","36","103","158607","1018"
"29-RC-155796","400 Sunrise Highway, Amityville, NY, ","Match","Exact","400 SUNRISE HWY, AMITYVILLE, NY, 11701","-73.413483143186,40.688191646204","657024935","L","36","103","123303","2000"
"31-RC-088926","1910 Ocean Way, Santa Monica, CA, ","Match","Non_Exact","1910 OCEAN AVE, SANTA MONICA, CA, 90405","-118.490602012216,34.006134011544","141559592","R","06","037","702002","1006"
"28-RC-190784","206 N. 3Rd Street, Las Vegas, NV, ","Match","Exact","206 N 3RD ST, LAS VEGAS, NV, 89101","-115.141704624239,36.171988575672","201867513","R","32","003","000700","3029"
"31-RC-081058","3502 Dry Creek Road, Paso Robles, CA, ","No_Match"
"31-RC-214236","510 19Th Street, Bakersfield, CA, 93301","Match","Exact","510 19TH ST, BAKERSFIELD, CA, 93301","-119.007006641354,35.3762443435","109090038","R","06","029","001600","1085"
"29-RC-355695","450 Lakeville Road, Lack Success, NY, 11042","Match","Non_Exact","450 LAKEVILLE RD, NEW HYDE PARK, NY, 11042","-73.704571049986,40.757615833804","147834325","R","36","059","300901","3018"
"31-RC-203571","21113 Superior Street, Chatsworth, CA, ","Match","Exact","21113 SUPERIOR ST, CHATSWORTH, CA, 91311","-118.593151836123,34.246411438374","141532905","R","06","037","113303","2007"
"32-RC-174387","1001-1301 Marina Village Parkway, Alameda, CA, ","Match","Non_Exact","1301 MARINA VILLAGE PKWY, ALAMEDA, CA, 94501","-122.275414013865,37.787557120552","606226667","R","06","001","427300","2004"
"31-RC-235164","18300 Roscoe Blvd. North, Ridge, CA, 91328","No_Match"
"32-RC-265958","2508 Verne Roberts Circle, Antioch, CA, ","Match","Exact","2508 VERNE ROBERTS CIR, ANTIOCH, CA, 94509","-121.833288461134,38.009630993124","192100659","R","06","013","305000","3036"
"31-RC-074764","12445 Mountain Gate Drive, Los Angeles, CA, ","Tie"
"31-RC-294382","3140 East Jurupa Street, Ontario, CA, 91761","Match","Exact","3140 E JURUPA ST, ONTARIO, CA, 91761","-117.582774239795,34.048246969734","145001182","R","06","071","012700","1070"
"32-RC-320416","2001 Dwight Way, Berkeley, CA, 94704","Match","Exact","2001 DWIGHT WAY, BERKELEY, CA, 94704","-122.2697738216,37.863727074674","655810747","L","06","001","422901","2008"
"29-RC-078832","35 Hyatt Street, Staten Island, NY, ","Match","Exact","35 HYATT ST, STATEN ISLAND, NY, 10301","-74.077304215755,40.641917238222","59878897","R","36","085","000300","1004"
"31-RC-190601","6005 Yolanda Ave., Tarzana, CA, ","Match","Exact","6005 YOLANDA AVE, TARZANA, CA, 91356","-118.540798834701,34.178641964518","648163266","L","06","037","139301","3015"
"32-RC-240664","4495 W. Shaw Avenue, Fresno, CA, ","Match","Exact","4495 W SHAW AVE, FRESNO, CA, 93722","-119.874388969358,36.808167520998","197565792","L","06","019","004205","4000"
"31-RC-296553","3220 S. Higuera Street, San Luis Obispo, CA, 93401","Match","Exact","3220 S HIGUERA ST, SAN LUIS OBISPO, CA, 93401","-120.66872252079,35.256658784143","656272842","L","06","079","011103","2033"
"32-RC-352018","282 Los Altos Pkwy, Sparks, NV, 89436","Match","Exact","282 LOS ALTOS PKWY, SPARKS, NV, 89436","-119.739513167457,39.584082793678","618609352","R","32","031","003510","2011"
"32-RC-297553","2224 Shattuck Ave., Berkeley, CA, 94704","Match","Exact","2224 SHATTUCK AVE, BERKELEY, CA, 94704","-122.268080945405,37.868868284716","124994045","R","06","001","422902","3003"
"29-RC-309318","461 6Th Ave, Located In Brooklyn, NY, ","Match","Non_Exact","461 6TH AVE, BROOKLYN, NY, 11215","-73.984416709753,40.66735768307","59075722","L","36","047","015100","4001"
"32-RC-329691","1950 Wardrobe Avenue, Merced, CA, 95340","No_Match"
"32-RC-342690","5074 E. Anderson Ave., Fresno, CA, 93727","Match","Non_Exact","5074 E ANDERSEN AVE, FRESNO, CA, 93727","-119.724406602081,36.773575560877","197578407","R","06","019","003104","2026"
"29-RC-312957","3 Court Square, Long Island City, NY, ","Match","Exact","3 COURT SQ, LONG ISLAND CITY, NY, 11120","-73.942929443915,40.746388404957","59692096","R","36","081","001901","1002"
"32-RC-217869","475 29Th Street, Oakland, CA, ","Match","Exact","475 29TH ST, OAKLAND, CA, 94609","-122.266059937686,37.817887842149","124996587","L","06","001","401300","3002"
"32-RC-254814","1569 Alvarado Street, San Leandro, CA, ","Match","Exact","1569 ALVARADO ST, SAN LEANDRO, CA, 94577","-122.161689069692,37.719757248829","125054620","L","06","001","432501","2000"
"31-RC-220922","2845 W. Seventh Street, Van Nuys, CA, 91406","No_Match"
"31-RC-352108","10033 Shoup Ave., Chatsworth, CA, 91311","Match","Exact","10033 SHOUP AVE, CHATSWORTH, CA, 91311","-118.614859552194,34.25276958175","642864175","L","06","037","113213","1013"
"28-RC-291029","7000 East Mayo Boulevard, Phoenix, AZ, ","No_Match"
"32-RC-296673","6121 Bollinger Canyon Rd, San Ramon, CA, 94583","Match","Exact","6121 BOLLINGER CANYON RD, SAN RAMON, CA, 94583","-121.956678387479,37.762742137908","607869360","R","06","013","345111","1000"
"31-RC-145589","11695 Pacific Ave., Fontana, CA, ","Match","Exact","11695 PACIFIC AVE, FONTANA, CA, 92337","-117.518217310067,34.040944129348","144731513","L","06","071","002204","1049"
"28-RC-344888","8375 Burnham Drive, El Paso, TX, ","Match","Exact","8375 BURNHAM DR, EL PASO, TX, 79907","-106.327064527777,31.738036058594","189405897","L","48","141","004107","1002"
"28-RC-247781","3280 Joe Battle Blvd., El Paso, TX, ","Match","Exact","3280 JOE BATTLE BLVD, EL PASO, TX, 79938","-106.267608134954,31.789304945376","618942130","R","48","141","010352","3004"
"32-RC-202351","4199 Gibraltar Court, Stockton, CA, 95206","Match","Non_Exact","4199 GIBRALTER CT, STOCKTON, CA, 95206","-121.265745213295,37.907548356809","133853170","L","06","077","002800","2024"
"29-RC-065968","240 East Sunrise Highway, Freeport, NY, ","Match","Non_Exact","240 SUNRISE HWY, FREEPORT, NY, 11520","-73.572111288772,40.657532254674","638186054","L","36","059","414400","4019"
"32-RC-300824","9777 Golf Links Road, Oakland, CA, 94605","Match","Exact","9777 GOLF LINKS RD, OAKLAND, CA, 94605","-122.148990691956,37.753944389669","125011411","R","06","001","410000","3001"
"32-RC-323944","2825 Longley Lane, Carson City, NV, 89701","No_Match"
"29-RC-333887","576 Johnson Avenue, Brooklyn, NY, ","Match","Exact","576 JOHNSON AVE, BROOKLYN, NY, 11237","-73.925276906656,40.708822684037","59082396","R","36","047","045300","1001"
"31-RC-306225","3801 Las Posas Road, Camarillo, CA, ","Match","Exact","3801 LAS POSAS RD, CAMARILLO, CA, 93010","-119.019685420898,34.241306269682","110122689","L","06","111","005202","2018"
"29-RC-343214","143-10 20Th Avenue, Flushing, NY, ","Match","Exact","143-10 20TH AVE, FLUSHING, NY, 11357","-73.824481340812,40.781654045193","59700501","R","36","081","088903","1000"
"32-RC-311968","16900 W. Schulte Road, Tracy, CA, ","Match","Exact","16900 W SCHULTE RD, TRACY, CA, 95377","-121.517331511998,37.721831546368","133908044","L","06","077","005213","2043"
"29-RC-089931","47-32 32Nd Place, Long Island City, NY, ","Match","Exact","47-32 32ND PL, LONG ISLAND CITY, NY, 11101","-73.933211767283,40.742153108852","59692208","R","36","081","019901","2003"
"29-RC-225302","124 E. Jericho Turnpike, Huntington Station, NY, ","Match","Exact","124 E JERICHO TPKE, HUNTINGTON STATION, NY, 11746","-73.406661245302,40.828220056566","113966329","R","36","103","112001","4000"
"29-RC-171821","29-01 216Th Street, Bayside, NY, 11360","Match","Exact","29-01 216TH ST, BAYSIDE, NY, 11360","-73.770205572144,40.776618427816","59703084","L","36","081","109300","2000"
"31-RC-090801","5335 Walker Street, Ventura, CA, ","Match","Exact","5335 WALKER ST, VENTURA, CA, 93003","-119.218386764738,34.257006416429","110047656","R","06","111","001509","1006"
"31-RC-073402","628 W. Micheltorena St., Santa Barbara, CA, ","Match","Exact","628 W MICHELTORENA ST, SANTA BARBARA, CA, 93101","-119.715748939232,34.41923886411","108604708","R","06","083","001101","2009"
"31-RC-134445","3580 Jasper Road, Yermo, CA, 92311","No_Match"
"29-RC-290386","8973 Bay Parkway, Brooklyn, NY, ","Match","Exact","8973 BAY PKWY, BROOKLYN, NY, 11214","-74.000879810557,40.595059714268","59088691","L","36","047","029400","1010"
"31-RC-095253","1642 West Pico Blvd., Los Angeles, CA, ","Match","Exact","1642 W PICO BLVD, LOS ANGELES, CA, 90015","-118.277355740016,34.044778396212","141607272","L","06","037","224320","1007"
"29-RC-339163","21-07 41St Avenue, Long Island City, NY, ","Match","Exact","21-07 41ST AVE, LONG ISLAND CITY, NY, 11101","-73.942267813085,40.753983883832","59696374","L","36","081","003302","1009"
"32-RC-161944","9515 Soquel Drive, Aptos, CA, ","Match","Exact","9515 SOQUEL DR, APTOS, CA, 95003","-121.884613186444,36.975135612017","605998428","L","06","087","122204","2005"
"32-RC-352046","1015 Joaquin Road, Mountain View, CA, 94043","Match","Exact","1015 JOAQUIN RD, MOUNTAIN VIEW, CA, 94043","-122.080370663185,37.417309719432","614024908","R","06","085","504601","1080"
"29-RC-094031","1000 New Horizons Blvd., North Amityville, NY, ","No_Match"
"29-RC-320546","3700 Surf Avenue, Brooklyn, NY, ","No_Match"
"31-RC-167874","3900 West Manchester Blvd., Inglewood, CA, 90305","Match","Exact","3900 W MANCHESTER BLVD, INGLEWOOD, CA, 90305","-118.343044048599,33.95990638258","142750560","L","06","037","600703","1002"
"32-RC-355557","3471 Gold River Lane, Stockton, CA, 95215","No_Match"
"32-RC-305291","2765 Lafayette Street, Santa Clara, CA, 95215","No_Match"
"31-RC-146419","3009 And 3011 N. Laurel Avenue, Rialto, CA, 92570","Match","Non_Exact","3011 N LAUREL AVE, RIALTO, CA, 92377","-117.413121545751,34.152977431792","144699893","R","06","071","002709","1033"
"32-RC-206775","6121 Bolinger Canyon Road, San Ramon, CA, ","Match","Non_Exact","6121 BOLLINGER CANYON RD, SAN RAMON, CA, 94583","-121.956678387479,37.762742137908","607869360","R","06","013","345111","1000"
"29-RC-270365","110-00 Rockaway Blvd, Jamaica, NY, ","No_Match"
"29-RC-179717","1504 Old Country Road, Westbury, NY, ","No_Match"
"29-RC-300927","111 North 12 Street, Brooklyn, NY, ","Match","Exact","111 N 12TH ST, BROOKLYN, NY, 11249","-73.957222591882,40.722208308287","59076419","L","36","047","055700","2007"
"29-RC-333868","224 India Street, Brooklyn, NY, ","Match","Exact","224 INDIA ST, BROOKLYN, NY, 11222","-73.951300047368,40.732580662371","641033139","R","36","047","057901","2017"
"31-RC-279181","19409 National Trails Highway, Oro Grande, CA, 92368","Match","Exact","19409 NATIONAL TRAILS HWY, ORO GRANDE, CA, 92368","-117.339870718592,34.603708255808","638616507","R","06","071","011700","1156"
"31-RC-355660","1911 Johnson Ave, San Luis Obispo, CA, 93401","Match","Exact","1911 JOHNSON AVE, SAN LUIS OBISPO, CA, 93401","-120.64983724368,35.278181369278","655803498","L","06","079","011002","1019"
"29-RC-146883","355 Bard Avenue, Staten Island, NY, ","Match","Exact","355 BARD AVE, STATEN ISLAND, NY, 10310","-74.106531979012,40.635049908843","59878309","L","36","085","006700","1010"
"29-RC-356987","88-11 165Th Street, Jamaica, NY, 11432","Match","Exact","88-11 165TH ST, JAMAICA, NY, 11432","-73.796736354647,40.708489274914","59712119","L","36","081","046000","2002"
"30-RC-061348","637 South Pine, Burlington, WI, ","Match","Non_Exact","637 S PINE ST, BURLINGTON, WI, 53105","-88.266067148569,42.667050575469","77935630","L","55","101","002600","4014"
"29-RC-179738","77 Schmitt St, Farmingdale, NY, ","Match","Non_Exact","77 SCHMITT BLVD, FARMINGDALE, NY, 11735","-73.418950568198,40.748551851508","113971035","L","36","103","122300","2011"
"31-RC-308428","105 13Th Street, Vandenberg Space Force Base, CA, ","No_Match"
"29-RC-102811","5812 Glenwood Road, Brooklyn, NY, ","Match","Exact","5812 GLENWOOD RD, BROOKLYN, NY, 11234","-73.920247733217,40.633504230885","59102419","R","36","047","072200","1001"
"32-RC-252602","270 George Reed Dr., Jamestown, CA, ","No_Match"
"28-RC-350291","2050 West Rio Salado Parkway, Tempe, AZ, 85281","Match","Exact","2050 W RIO SALADO PKWY, TEMPE, AZ, 85281","-111.96970117045,33.430066898807","624998508","R","04","013","319710","1002"
"29-RC-166427","158 Walt Whitman Road, Huntington Station, NY, 11746","Match","Exact","158 WALT WHITMAN RD, HUNTINGTON STATION, NY, 11746","-73.412241255923,40.824475358717","643029072","L","36","103","112001","4012"
"29-RC-146871","150 Motor Parkway, Hicksville, NY, ","No_Match"
"29-RC-069083","37-06 61St Street, Woodside, NY, ","Match","Exact","37-06 61ST ST, WOODSIDE, NY, 11377","-73.901800452487,40.749324624636","59693317","R","36","081","025900","1006"
"29-RC-189524","1000 North Village Avenue, Rockville Centre, NY, ","No_Match"
"32-RC-283356","3675 Pacheco Pass Highway, Gilroy, CA, 95020","Match","Exact","3675 PACHECO PASS HWY, GILROY, CA, 95020","-121.496525563398,36.992188849906","618187696","L","06","085","512602","2014"
"31-RC-330347","5757 Wilshire Blvd., #106 Los Angeles, CA, 90036","Match","Non_Exact","5757 W WILSHIRE BLVD, LOS ANGELES, CA, 90036","-118.35370969085,34.062532064942","241256311","R","06","037","215101","1003"
"31-RC-107272","711 Hawaii Street, El Segundo, CA, ","Match","Exact","711 HAWAII ST, EL SEGUNDO, CA, 90245","-118.380727323252,33.9054451779","642869565","R","06","037","980013","1035"
"31-RC-352131","7925 Center Ave, Rancho Cucamonga, CA, ","Match","Exact","7925 CENTER AVE, RANCHO CUCAMONGA, CA, 91730","-117.580343214268,34.110938649252","144636239","L","06","071","002028","1001"
"29-RC-137901","195 Stueben Street St, Floral Park, NY, ","No_Match"
"28-RC-222049","6505 Convair Rd., El Paso, TX, ","Match","Exact","6505 CONVAIR RD, EL PASO, TX, 79925","-106.400265006187,31.797520709885","189395197","L","48","141","980000","1005"
"32-RC-323982","801 Davis Street, San Leandro, CA, 94577","Match","Exact","801 DAVIS ST, SAN LEANDRO, CA, 94577","-122.163702796453,37.722797459312","125011968","L","06","001","432601","1028"
"32-RC-298812","675 Saratoga Ave., San Jose, CA, ","Match","Exact","675 SARATOGA AVE, SAN JOSE, CA, 95129","-121.976652510405,37.314766532622","122900617","R","06","085","506204","2000"
"32-RC-124501","6111 Bollinger Canyon Road, San Ramon, CA, ","Match","Exact","6111 BOLLINGER CANYON RD, SAN RAMON, CA, 94583","-121.956875556234,37.762647496919","607869360","R","06","013","345111","1000"
"29-RC-283645","900 Grand Blvd., Deer Park, NY, ","Match","Exact","900 GRAND BLVD, DEER PARK, NY, 11729","-73.303969413798,40.761719900115","114236185","R","36","103","122801","3009"
"31-RC-286708","5678 Concours Street, Ontario, CA, 91764","Match","Non_Exact","5678 CONCOURS, ONTARIO, CA, 91764","-117.534364602523,34.073784805801","144734983","R","06","071","012700","1004"
"31-RC-281017","18321 Clark St., Tarzana, CA, 91356","Match","Exact","18321 CLARK ST, TARZANA, CA, 91356","-118.531210892401,34.169823488427","142049053","R","06","037","139401","1000"
"32-RC-318141","1145 W. Charter Way, Stockton, CA, 95206","Match","Exact","1145 W CHARTER WAY, STOCKTON, CA, 95206","-121.303371539899,37.935277772217","642877940","R","06","077","000803","3006"
"32-RC-285501","12659 Rd. 25, Madera, CA, 93637","Match","Exact","12659 RD 25, MADERA, CA, 93637","-120.092142979115,36.933334179175","102339078","R","06","039","000512","1041"
"32-RC-297978","2207 Riverview Drive, Madera, CA, 93637","Match","Exact","2207 RIVERVIEW DR, MADERA, CA, 93637","-120.082485671554,36.967704959753","102372456","L","06","039","000701","1014"
"31-RC-008846","5623 Kanan Road, Woonsocket, RI, ","No_Match"
"31-RC-008845","1930 Wilshire Blvd., 90036, CA, ","No_Match"
"32-RC-331599","243 East Bellevue Road, Atwater, CA, 95301","Match","Exact","243 E BELLEVUE RD, ATWATER, CA, 95301","-120.594169262787,37.360528256251","125321131","L","06","047","000603","3012"
"32-RC-335954","7835 North Palm Ave., Fresno, CA, 93711","Match","Exact","7835 N PALM AVE, FRESNO, CA, 93711","-119.805410619376,36.851027621732","619878904","R","06","019","004409","1002"
"29-RC-249778","394 Avenue S, Brooklyn, NY, ","Match","Exact","394 AVENUE S, BROOKLYN, NY, 11223","-73.970743003762,40.601939286736","59089814","R","36","047","041401","2001"
"31-RC-008848","593 20Th Street, Alexandria, VA, ","No_Match"
"29-RC-240966","3635 Express Drive North, Islandia, NY, ","Match","Non_Exact","3635 EXPRESS DR, ISLANDIA, NY, 11749","-73.165926189173,40.809387283467","657028967","L","36","103","145804","3001"
"31-RC-008849","1600 North Lincoln Avenue, Pasadena, CA, ","Match","Non_Exact","1600 LINCOLN AVE, PASADENA, CA, 91103","-118.159585674664,34.173609676119","141627537","R","06","037","460900","2008"
"31-RC-008855","3720 Skypark Drive, Torrance, CA, ","Match","Exact","3720 SKYPARK DR, TORRANCE, CA, 90505","-118.350073921743,33.811126545983","142445576","L","06","037","651101","2051"
"32-RC-245943","1800 N. California Street, Stockton, CA, ","Tie"
"29-RC-199892","67-35 Ridge Blvd., Brooklyn, NY, 11220","No_Match"
"31-RC-008856","1929 W. Pico Blvd., Houston, TX, ","No_Match"
"29-RC-230262","225 Eastview Drive, Central Islip, NY, ","Match","Exact","225 EASTVIEW DR, CENTRAL ISLIP, NY, 11722","-73.189392039862,40.760896802637","625847720","L","36","103","146300","2025"
"29-RC-231110","100 Patriots Road, Stony Brook, NY, ","Match","Exact","100 PATRIOTS RD, STONY BROOK, NY, 11790","-73.11070231564,40.906592748751","114273664","L","36","103","158014","1003"
"32-RC-107944","27577 Industrial Boulevard, Livermore, CA, 94551","No_Match"
"29-RC-116230","180 Varick Avenue, Brooklyn, NY, ","Match","Exact","180 VARICK AVE, BROOKLYN, NY, 11237","-73.928969091389,40.712284388532","59096599","R","36","047","044902","3021"
"31-RC-088520","4200 Radford Avenue, Studio City, CA, 91604","Match","Exact","4200 RADFORD AVE, STUDIO CITY, CA, 91604","-118.39201625371,34.147348606758","141565813","R","06","037","143602","2002"
"28-RC-192569","3850 Las Vegas Blvd., Las Vegas, NV, 89120","Tie"
"28-RC-305219","2580 W Apache Trail, Apache Junction, AZ, ","Match","Exact","2580 W APACHE TRL, APACHE JUNCTION, AZ, 85120","-111.574137724205,33.415405157154","129328220","L","04","021","000320","1008"
"29-RC-235957","475 Seaview Avenue And 375 Seguine Avenue, Staten Island, NY, ","Tie"
"31-RC-318710","1031 West 34Th Street, Los Angeles, CA, ","Match","Exact","1031 W 34TH ST, LOS ANGELES, CA, 90089","-118.287787650957,34.024463278021","142449389","R","06","037","222700","1004"
"29-RC-085514","52 2Nd Avenue, Brooklyn, NY, ","Match","Exact","52 2ND AVE, BROOKLYN, NY, 11215","-73.992775065177,40.673436119872","59075583","R","36","047","011902","1002"
"29-RC-119740","295 Stanley Avenue, Nk Street (Also Known As 106-15 Foster Avenue) Brooklyn, NY, ","No_Match"
"32-RC-148002","4199 E. Jefferson Ave., Fresno, CA, ","Match","Exact","4199 E JEFFERSON AVE, FRESNO, CA, 93725","-119.713812178411,36.656209443404","617779580","R","06","019","001700","1002"
"32-RC-095995","2024 A Street, In Antioch, CA, ","Match","Non_Exact","2024 A ST, ANTIOCH, CA, 94509","-121.806095563072,38.002950696125","192032519","R","06","013","305000","2021"
"31-RC-167796","3355 E. Spring St. S, Long Beach, CA, 90806","Match","Non_Exact","3355 E SPRING ST, LONG BEACH, CA, 90806","-118.152880090427,33.810671187662","141818871","L","06","037","980018","1002"
"31-RC-284508","9900 Stockdale Hwy, Bakersfield, CA, 93311","Match","Exact","9900 STOCKDALE HWY, BAKERSFIELD, CA, 93311","-119.111847103171,35.354238752629","657802314","L","06","029","002806","2001"
"29-RC-072695","180 Varick Avenue, Brooklyn, NY, ","Match","Exact","180 VARICK AVE, BROOKLYN, NY, 11237","-73.928969091389,40.712284388532","59096599","R","36","047","044902","3021"
"32-RC-322559","866 Campus Drive, Stanford, CA, 94305","No_Match"
"31-RC-189584","420 34Th St, Bakersfield, CA, 93303","Match","Non_Exact","420 34TH ST, BAKERSFIELD, CA, 93301","-119.006570002966,35.390528254267","109087935","R","06","029","000601","2028"
"31-RC-008866","14221 San Bernardino Avenue, Fontana, CA, ","Match","Exact","14221 SAN BERNARDINO AVE, FONTANA, CA, 92335","-117.494880416911,34.07725583706","144641311","R","06","071","002204","1020"
"31-RC-008865","2121 Santa Monica Boulevard, Santa Monice, CA, 90404","No_Match"
"28-RC-180572","913 West Alameda Street, Santa Fe, NM, ","Match","Exact","913 W ALAMEDA ST, SANTA FE, NM, 87501","-105.957662305953,35.688744176853","645240687","R","35","049","000202","2040"
"30-RC-061703","1436 Mound Road, Delavan, WI, ","No_Match"
"31-RC-008868","2215 Palma Drive, Ventura, CA, ","Match","Exact","2215 PALMA DR, VENTURA, CA, 93003","-119.227346635599,34.252892549729","109953053","R","06","111","002800","1049"
"31-RC-008867","1000 Universal Studios Boulevard, Universal City, CA, ","No_Match"
"31-RC-008861","1905 Lirto Avenue, Saticoy, CA, ","No_Match"
"29-RC-230277","180 Varick Avenue, Brooklyn, NY, ","Match","Exact","180 VARICK AVE, BROOKLYN, NY, 11237","-73.928969091389,40.712284388532","59096599","R","36","047","044902","3021"
"31-RC-008860","16738 Stagg Street, Van Nuys, CA, ","Match","Exact","16738 STAGG ST, VAN NUYS, CA, 91406","-118.498137111298,34.213103016104","654025917","L","06","037","132102","1000"
"32-RC-273165","101 Pittsburg Ave., Richmond, CA, 94801","No_Match"
"28-RC-191246","4723 W Hacienda Ave And 1132 W Bonanza Rd, Las Vegas, NV, ","Match","Non_Exact","4723 W HACIENDA AVE, LAS VEGAS, NV, 89118","-115.20554456632,36.093561487286","201863614","L","32","003","002962","1022"
"32-RC-216132","339 Bonair Siding Road, Stanford, CA, ","Match","Exact","339 BONAIR SIDING RD, STANFORD, CA, 94305","-122.158294835212,37.428617013733","618160661","R","06","085","513000","6016"
"29-RC-164321","12703 And 129-11 Jamiaca Avenue, Richmond Hill, NY, ","No_Match"
"32-RC-208523","27200 Calaroga Avenue, Hayward, CA, ","Match","Exact","27200 CALAROGA AVE, HAYWARD, CA, 94545","-122.089706892927,37.634593645099","606345727","L","06","001","437300","1001"
"31-RC-085482","1400 East Church Street, Santa Maria, CA, ","Match","Exact","1400 E CHURCH ST, SANTA MARIA, CA, 93454","-120.41459704214,34.952035881956","108595926","L","06","083","002211","4005"
"29-RC-311229","190 South Fehr Way, Bay Shore, NY, 11706","Match","Exact","190 S FEHR WAY, BAY SHORE, NY, 11706","-73.286214481648,40.76488188675","113983091","R","36","103","145901","1012"
"29-RC-278216","1290 Metropolitan Avenue, Orangeburg, NY, ","No_Match"
"31-RC-119367","25617 Dodge Avenue, Harbor City, CA, ","Match","Exact","25617 DODGE AVE, HARBOR CITY, CA, 90710","-118.28899888134,33.791740314296","141820705","R","06","037","294410","2010"
"32-RC-147162","1010 Ventura Avenue, Chowchilla, CA, ","Match","Exact","1010 VENTURA AVE, CHOWCHILLA, CA, 93610","-120.272474827521,37.121605348578","102344117","L","06","039","000302","2002"
"32-RC-309106","24 S. Sacramento Street, Lodi, CA, ","Match","Exact","24 S SACRAMENTO ST, LODI, CA, 95240","-121.272156257103,38.133785450308","133861684","L","06","077","004204","1018"
"29-RC-335696","980 E. 13Th St., Brooklyn, NY, ","Match","Exact","980 E 13TH ST, BROOKLYN, NY, 11230","-73.963413704389,40.625442266521","59097924","R","36","047","053000","3003"
"31-RC-008869","22934 Lockness Avenue, Torrance, CA, ","Match","Exact","22934 LOCKNESS AVE, TORRANCE, CA, 90501","-118.304605655683,33.816718030077","141789826","R","06","037","293205","1007"
"31-RC-008876","2131 West 3Rd Street, Los Angeles, CA, ","Match","Exact","2131 W 3RD ST, LOS ANGELES, CA, 90057","-118.27321215429,34.063129727723","141605334","R","06","037","208502","2002"
"31-RC-008879","1030 W. Hillcrest Boulevard, Inglewood, CA, 90301","Match","Exact","1030 W HILLCREST BLVD, INGLEWOOD, CA, 90301","-118.37410481128,33.956220201086","141654150","L","06","037","601401","3028"
"32-RC-184127","21739 Road 19, Chowchilla, CA, ","Match","Exact","21739 RD 19, CHOWCHILLA, CA, 93610","-120.202346487573,37.065385228496","102345505","R","06","039","000203","2074"
"29-RC-070483","175 Old Country Road, Carle Place, NY, ","Match","Exact","175 OLD COUNTRY RD, CARLE PLACE, NY, 11514","-73.614721059356,40.74321484645","147821310","L","36","059","303800","4018"
"31-RC-008878","323 Campus Drive, Arvin, CA, ","Match","Exact","323 CAMPUS DR, ARVIN, CA, 93203","-118.833288348765,35.211101400252","657799653","L","06","029","006301","1014"
"29-RC-256430","81 Willoughby Street, Brooklyn, NY, ","Match","Exact","81 WILLOUGHBY ST, BROOKLYN, NY, 11201","-73.986192475758,40.692250245134","59075199","L","36","047","001100","1010"
"31-RC-008873","4030 North Georgia Boulevard, San Bernardino, CA, ","Match","Non_Exact","4030 GEORGIA BLVD, SAN BERNARDINO, CA, 92407","-117.338652669058,34.163838792207","144651068","R","06","071","004101","4004"
"28-RC-273518","6501 Trowbridge Drive, El Paso, TX, ","Match","Exact","6501 TROWBRIDGE DR, EL PASO, TX, 79905","-106.402929670764,31.771033706055","657085427","L","48","141","003501","2005"
"32-RC-160593","909 16Th Street, Modesto, CA, ","Match","Exact","909 16TH ST, MODESTO, CA, 95354","-120.99359115918,37.643901418488","102604732","L","06","099","001800","2030"
"31-RC-133641","9700 Bellanca Avenue, Los Angeles, CA, 90045","Match","Exact","9700 BELLANCA AVE, LOS ANGELES, CA, 90045","-118.379902228794,33.948387880736","141579735","L","06","037","277200","2005"
"32-RC-326930","2000 N. Shoreline Blvd., Mountain View, CA, 94043","Match","Exact","2000 N SHORELINE BLVD, MOUNTAIN VIEW, CA, 94043","-122.078084454693,37.423956697575","614023920","L","06","085","504601","1069"
"31-RC-008874","5625 W. Imperial Highway, Los Angeles, CA, ","Match","Exact","5625 W IMPERIAL HWY, LOS ANGELES, CA, 90045","-118.417116127985,33.931435034228","141579763","R","06","037","980028","1018"
"32-RC-321244","7011 East Avenue, Livermore, CA, 94550","Match","Exact","7011 EAST AVE, LIVERMORE, CA, 94550","-121.705497780028,37.679742437972","606297356","R","06","001","451103","2000"
"32-RC-209829","12652 Avenue 240, Tulare, CA, ","Match","Exact","12652 AVE 240, TULARE, CA, 93274","-119.290279594611,36.226109327012","202784846","L","06","107","002402","3011"
"31-RC-008870","500 North Douglas, El Segundo, CA, 90245","Match","Non_Exact","500 N DOUGLAS ST, EL SEGUNDO, CA, 90245","-118.383151250811,33.923574870361","642862144","R","06","037","980013","1001"
"32-RC-089299","20 S. Santa Cruz Avenue, In Los Gatos, CA, ","Match","Non_Exact","20 S SANTA CRUZ AVE, LOS GATOS, CA, 95030","-121.984048208574,37.222357372197","122944032","R","06","085","507004","1051"
"31-RC-197199","6695 Green Valley Circle, Culver City, CA, 90230","Match","Exact","6695 GREEN VALLEY CIR, CULVER CITY, CA, 90230","-118.385767583261,33.97848317815","650229724","R","06","037","703003","1005"
"28-RC-293178","885 North 54Th Street, Chandler, AZ, ","Match","Exact","885 N 54TH ST, CHANDLER, AZ, 85226","-111.967357364532,33.313477671832","243928545","R","04","013","810400","2022"
"31-RC-232072","40 Presidential Drive, Simi Valley, CA, 93065","Match","Exact","40 PRESIDENTIAL DR, SIMI VALLEY, CA, 93065","-118.818888098665,34.257109672026","110081487","L","06","111","007515","1021"
"29-RC-290794","4301 Merrick Road, Massapequa, NY, 11758","Match","Exact","4301 MERRICK RD, MASSAPEQUA, NY, 11758","-73.474895261369,40.666801029908","147649259","L","36","059","521301","2032"
"29-RC-162156","155-49 Broad Street, Rosedale, NY, ","Match","Exact","155-49 BROAD ST, ROSEDALE, NY, 11422","-73.745863531614,40.638001329473","59740307","L","36","081","066401","1007"
"31-RC-260997","4800 Oak Grove Dr., Pasadena, CA, 91109","Match","Non_Exact","4800 OAK GROVE DR, PASADENA, CA, 91011","-118.175884078942,34.196697771873","653857297","L","06","037","460401","1026"
"31-RC-008888","5655 Arcturus Avenue, Oxnard, CA, ","Match","Exact","5655 ARCTURUS AVE, OXNARD, CA, 93033","-119.172328688048,34.146272388586","650184091","R","06","111","004715","1028"
"31-RC-008887","601 Mountain View Avenue, Oxnard, CA, ","No_Match"
"31-RC-142106","226 Washington Street, Bakersfield, CA, ","Match","Non_Exact","226 WASHINGTON AVE, BAKERSFIELD, CA, 93308","-119.025406196898,35.415573447469","109086879","R","06","029","000201","2006"
"29-RC-197242","526 45Th Avenue, Long Island City, NY, ","Match","Exact","5-26 45TH AVE, LONG ISLAND CITY, NY, 11101","-73.953835202297,40.748842529395","59691856","R","36","081","000103","1002"
"31-RC-008886","5655 Arcturus Avenue, Oxnard, CA, ","Match","Exact","5655 ARCTURUS AVE, OXNARD, CA, 93033","-119.172328688048,34.146272388586","650184091","R","06","111","004715","1028"
"32-RC-136010","1601 Dixon Landing Road, In Milpitas, CA, ","Match","Non_Exact","1601 DIXON LANDING RD, MILPITAS, CA, 95035","-121.926652413283,37.455132759758","637754729","R","06","001","441503","2044"
"29-RC-176328","1858 Old Country Road, Riverhead, NY, ","Match","Exact","1858 OLD COUNTRY RD, RIVERHEAD, NY, 11901","-72.692480389115,40.92612394268","114023839","L","36","103","169705","2003"
"32-RC-072866","350 Hawthorne Avenue, Oakland, CA, ","No_Match"
"29-RC-143813","431 Beach 20Th Street, Far Rockaway, NY, ","Match","Exact","4-31 BEACH 20TH ST, FAR ROCKAWAY, NY, 11691","-73.75431796221,40.598674747006","59723765","L","36","081","099801","3000"
"29-RC-235501","2000 North Ocean Avenue, Farmingdale, NY, ","No_Match"
"28-RC-194735","2701 Simmons St, Las Vegas, NV, ","Match","Non_Exact","2701 SIMMONS ST, NORTH LAS VEGAS, NV, 89032","-115.179167035715,36.208847737625","201947728","L","32","003","003616","1003"
"32-RC-172158","3909 Gaffery Road, Modesto, CA, ","No_Match"
"29-RC-119734","1098 Route 109, North Lindenhurst, NY, 11757","Match","Non_Exact","1098 STATE RTE 109, LINDENHURST, NY, 11757","-73.396472965576,40.716271853109","638600428","L","36","103","123204","3003"
"32-RC-152968","2400 Keystone Pacific Parkway, Patterson, CA, 95363","Match","Exact","2400 KEYSTONE PACIFIC PKWY, PATTERSON, CA, 95363","-121.1648950195,37.4757571928","102647782","L","06","099","003300","2097"
"32-RC-069214","2441 N. Grove Industrial Drive, Fresno, CA, ","Match","Exact","2441 N GROVE INDUSTRIAL DR, FRESNO, CA, 93727","-119.730097680073,36.772573495619","197578340","L","06","019","003104","2035"
"28-RC-297543","2190 E. Mesquite Ave., Pahrump, NV, ","Match","Exact","2190 E MESQUITE AVE, PAHRUMP, NV, 89060","-115.979109859124,36.249199894958","140724095","L","32","023","960412","3009"
"29-RC-074821","800 Chettic Avenue, Copiague, NY, 11726","Match","Exact","800 CHETTIC AVE, COPIAGUE, NY, 11726","-73.388903269082,40.680666778602","113973765","R","36","103","123704","2007"
"31-RC-354855","909 N Pacific Coast Highway, El Segundo, CA, 90245","No_Match"
"32-RC-137319","1627 Army Court, Union City, CA, ","No_Match"
"31-RC-143423","17486 Nisqualli Road, Victorville, CA, 92392","Match","Non_Exact","17486 NISQUALLI RD, VICTORVILLE, CA, 92395","-117.282070994653,34.485622336175","144759408","L","06","071","010037","3013"
"32-RC-348745","2791 N. Main Street, Walnut Creek, CA, 94597","Match","Exact","2791 N MAIN ST, WALNUT CREEK, CA, 94597","-122.063110198605,37.924984974757","192089033","L","06","013","340001","2011"
"31-RC-192794","1801 E. Sixth Street, Ontario, CA, ","Match","Exact","1801 E SIXTH ST, ONTARIO, CA, 91764","-117.61588323606,34.084960400539","614529065","L","06","071","001307","2008"
"32-RC-102697","5560 Sheep Drive, Carson City, NV, ","Match","Exact","5560 SHEEP DR, CARSON CITY, NV, 89701","-119.705142119111,39.184790684715","199519605","R","32","510","001002","3000"
"32-RC-128843","1700 Coffee Road, Modesto, CA, ","Match","Exact","1700 COFFEE RD, MODESTO, CA, 95355","-120.975610768608,37.66854922583","102605459","R","06","099","000910","3001"
"32-RC-275310","321 A Avenue, Alameda, CA, ","No_Match"
"28-RC-303479","4300 East Sunset Road, Henderson, NV, ","Match","Exact","4300 E SUNSET RD, HENDERSON, NV, 89014","-115.080090427317,36.070927020602","201879315","L","32","003","002821","3003"
"29-RC-116276","20 Gear Ave., Lindenhurst, NY, ","Match","Exact","20 GEAR AVE, LINDENHURST, NY, 11757","-73.392636275313,40.714189945988","113971592","L","36","103","123204","3003"
"32-RC-210400","600 Garner Road, Modesto, CA, ","Match","Exact","600 GARNER RD, MODESTO, CA, 95357","-120.922975193119,37.633179566293","102607669","L","06","099","002002","3027"
"31-RC-320600","4575 W. Main Street, Guadalupe, CA, ","Match","Exact","4575 W MAIN ST, GUADALUPE, CA, 93434","-120.57823551466,34.957636482413","108613695","R","06","083","002504","3018"
"28-RC-262438","2 North Chamisa Drive, Santa Fe, NM, ","Match","Exact","2 N CHAMISA DR, SANTA FE, NM, 87508","-105.890617054493,35.522168055315","169397593","L","35","049","010701","2000"
"31-RC-336183","24160 Citywalk St, Universal City, CA, ","No_Match"
"32-RC-326957","60 E Brokaw Ave., San Jose, CA, 95112","No_Match"
"29-RC-184365","45-15 162Nd Street, Flushing, NY, ","Match","Exact","45-15 162ND ST, FLUSHING, NY, 11358","-73.804511140523,40.755978479339","59701651","L","36","081","119100","2000"
"32-RC-327805","7900 Edgewater Dr., Oakland, CA, 94621","Match","Exact","7900 EDGEWATER DR, OAKLAND, CA, 94621","-122.202380972297,37.740850712102","606306484","R","06","001","409000","3034"
"32-RC-112008","2324 Navy Drive, Stockton, CA, 95206","Match","Exact","2324 NAVY DR, STOCKTON, CA, 95206","-121.321683653296,37.937403666115","650365318","L","06","077","000803","1003"
"29-RC-233342","40550 Route 25, Orient Point, NY, ","No_Match"
"32-RC-102682","1826 Verne Roberts Circle, Hayward, CA, ","No_Match"
"29-RC-196332","685 Rogers Avenue, Brooklyn, NY, ","Match","Exact","685 ROGERS AVE, BROOKLYN, NY, 11226","-73.952820876951,40.654673352302","59079539","L","36","047","082000","1001"
"29-RC-256449","860 Humboldt Street, Brooklyn, NY, ","Match","Exact","860 HUMBOLDT ST, BROOKLYN, NY, 11222","-73.946197500276,40.730666956512","59076329","R","36","047","057902","1006"
"29-RC-259959","30-85 Vernon Boulevard, Mineola, NY, ","No_Match"
"28-RC-336392","2001 Centro Familiar Sw, Albuquerque, NM, ","Match","Non_Exact","2001 CENTRO FAMILIAR BLVD SW, ALBUQUERQUE, NM, 87105","-106.683488105665,35.044416092837","614098149","L","35","001","004502","1009"
"31-RC-200490","10947 Pendleton Street, Sun Valley, CA, 91352","Match","Exact","10947 PENDLETON ST, SUN VALLEY, CA, 91352","-118.370410063946,34.240547920253","649802575","R","06","037","121102","2008"
"32-RC-297592","4668 E. Commerce Ave., Fresno, CA, 93725","Match","Exact","4668 E COMMERCE AVE, FRESNO, CA, 93725","-119.741203342779,36.698705191029","617779136","R","06","019","001202","2028"
"29-RC-099621","180 Central Ave., Farmingdale, NY, ","Match","Exact","180 CENTRAL AVE, FARMINGDALE, NY, 11735","-73.405930915459,40.753447768085","114240841","L","36","103","122300","2009"
"29-RC-290364","6 Great Neck Road, Great Neck, NY, ","Match","Exact","6 GREAT NECK RD, GREAT NECK, NY, 11021","-73.726752333943,40.786646922844","147659769","L","36","059","300700","4001"
"32-RC-207233","27200 Calaroga Avenue, Hayward, CA, ","Match","Exact","27200 CALAROGA AVE, HAYWARD, CA, 94545","-122.089706892927,37.634593645099","606345727","L","06","001","437300","1001"
"32-RC-262473","700 Avenger Lane, Lemoore, CA, ","Match","Non_Exact","700 AVENGER AVE, LEMOORE, CA, 93246","-119.871289587473,36.264871228093","635493746","R","06","031","980000","1113"
"32-RC-289975","825 Delbon Avenue, Turlock, CA, ","Match","Exact","825 DELBON AVE, TURLOCK, CA, 95382","-120.839517925226,37.510538966736","102595081","L","06","099","003907","3000"
"31-RC-146916","100 West California Boulevard, Pasadena, CA, ","Match","Exact","100 W CALIFORNIA BLVD, PASADENA, CA, 91105","-118.15403359909,34.135704833991","141629633","L","06","037","463900","1001"
"31-RC-225748","861 South Depot Rd, Fort Irwin, CA, ","No_Match"
"29-RC-214197","41-22 24Th Street, Long Island City, NY, ","Match","Exact","41-22 24TH ST, LONG ISLAND CITY, NY, 11101","-73.940230683926,40.752351766895","59696403","R","36","081","003301","1008"
"29-RC-288020","546 Gulf Avenue, Staten Island, NY, ","Match","Exact","546 GULF AVE, STATEN ISLAND, NY, 10314","-74.179778146979,40.614551353359","647708961","L","36","085","029102","1019"
"29-RC-218558","4700 Northern Blvd, Long Island City, NY, ","Match","Exact","47-00 NORTHERN BLVD, LONG ISLAND CITY, NY, 11101","-73.915414705608,40.753723833091","59698120","R","36","081","017102","1001"
"32-RC-297567","300 Pasteur Drive, Stanford, CA, ","No_Match"
"31-RC-158426","301 S. Tippecanoe Ave., San Bernardino, CA, ","Match","Exact","301 S TIPPECANOE AVE, SAN BERNARDINO, CA, 92408","-117.259605327953,34.098039341692","657801412","L","06","071","980100","1004"
"28-RC-257076","4200 Lomas Boulevard Ne And 505 Central Avenue N, In Albuquerque, NM, ","Match","Non_Exact","LOMAS BLVD & CENTRAL AVE, ALBUQUERQUE, NM, 87104","-106.669604021129,35.093995050409","","","35","001","002200","3016"
"32-RC-323469","2477 Arnold Industrial Way, Concord, CA, ","Match","Exact","2477 ARNOLD INDUSTRIAL WAY, CONCORD, CA, 94520","-122.024847065268,38.010874797428","192109863","L","06","013","315000","1067"
"32-RC-356345","1 Airport Drive, Oakland, CA, 94621","Match","Exact","1 AIRPORT DR, OAKLAND, CA, 94621","-122.213840096629,37.714301731073","606817258","R","06","001","409000","2024"
"29-RC-260969","184-45 147Th Avenue, Springfield Gardens, NY, ","Match","Exact","184-45 147TH AVE, SPRINGFIELD GARDENS, NY, 11413","-73.760518555559,40.65944212948","59720142","L","36","081","032000","4002"
"28-RC-181402","5501 North La Palma Road, Eloy, AZ, ","Match","Exact","5501 N LA PALMA RD, ELOY, AZ, 85131","-111.532529455123,32.8143602339","638357406","R","04","021","002005","1002"
"31-RC-248867","1625 N. Schrader Boulevard, Tarzana, CA, ","No_Match"
"32-RC-116873","174 Lawrence Drive, Livermore, CA, ","Match","Exact","174 LAWRENCE DR, LIVERMORE, CA, 94551","-121.706541498163,37.710178190817","638202195","R","06","001","451104","3038"
"31-RC-224426","12800 Culver Boulevard, Los Angeles, CA, 90066","Match","Exact","12800 CULVER BLVD, LOS ANGELES, CA, 90066","-118.425361915744,33.985337659169","141578024","L","06","037","275313","2015"
"32-RC-324781","135 East Clearwater Drive, Carson City, NV, 89701","No_Match"
"31-RC-096141","12776 Foothill Blvd., Sylmar, CA, 91342","Match","Exact","12776 FOOTHILL BLVD, SYLMAR, CA, 91342","-118.413252096567,34.291569171342","141550592","L","06","037","104201","1002"
"32-RC-326965","285 W Tasman Dr., San Jose, CA, 95134","Match","Exact","285 W TASMAN DR, SAN JOSE, CA, 95134","-121.955945977385,37.41124188983","123180458","R","06","085","505014","1000"
"32-RC-188533","673 Airport Way, Modesto, CA, ","Match","Exact","673 AIRPORT WAY, MODESTO, CA, 95354","-120.955886257983,37.629479845444","616864067","R","06","099","002100","1001"
"32-RC-245933","2126 Haste Street, Berkeley, CA, ","Match","Exact","2126 HASTE ST, BERKELEY, CA, 94704","-122.266858593232,37.864918173794","606280629","R","06","001","422901","1004"
"31-RC-086354","18300 Roscoe Boulevard, Northridge, CA, ","Match","Exact","18300 ROSCOE BLVD, NORTHRIDGE, CA, 91325","-118.531779172388,34.220735735315","642865437","L","06","037","131400","3000"
"32-RC-204187","825 Delbon Ave., Turlock, CA, ","Match","Exact","825 DELBON AVE, TURLOCK, CA, 95382","-120.839517925226,37.510538966736","102595081","L","06","099","003907","3000"
"32-RC-152921","14959 Camage Avenue, Sonora, CA, ","Match","Exact","14959 CAMAGE AVE, SONORA, CA, 95370","-120.316733916547,37.961398147635","101374746","L","06","109","004102","2044"
"31-RC-182524","401 Del Norte Boulevard, Oxnard, CA, ","Match","Exact","401 DEL NORTE BLVD, OXNARD, CA, 93030","-119.127381500645,34.201907232986","110125324","R","06","111","004902","1013"
"29-RC-185225","43-04 19Th Avenue, Astoria, NY, ","Match","Exact","43-04 19TH AVE, ASTORIA, NY, 11105","-73.897251033844,40.776652366189","59697396","R","36","081","012301","2003"
"31-RC-352646","4800 Oakgrove Dr., Pasadena, CA, 91109","Match","Non_Exact","4800 OAK GROVE DR, PASADENA, CA, 91011","-118.175884078942,34.196697771873","653857297","L","06","037","460401","1026"
"32-RC-326966","5079 Disk Dr., San Jose, CA, 95134","Match","Exact","5079 DISK DR, SAN JOSE, CA, 95134","-121.965284645897,37.428594298298","645510180","R","06","085","504602","1020"
"29-RC-335631","121 Dekalb Avenue, Brooklyn, NY, 11201","Match","Non_Exact","121 DEKALB AVE, BROOKLYN, NY, 11205","-73.972208920166,40.689645721451","59077674","L","36","047","018300","2001"
"31-RC-203980","125 South Grand Avenue, Pasadena, CA, 91105","Match","Exact","125 S GRAND AVE, PASADENA, CA, 91105","-118.162014420525,34.143258556193","141629238","R","06","037","463700","1006"
"31-RC-284913","4500 Morning Drive, Bakersfield, CA, ","Match","Exact","4500 MORNING DR, BAKERSFIELD, CA, 93306","-118.914307901898,35.391432873456","649103665","R","06","029","000912","2006"
"28-RC-162759","3400 S Las Vegas Boulevard, Las Vegas, NV, ","Match","Exact","3400 S LAS VEGAS BLVD, LAS VEGAS, NV, 89109","-115.17084343887,36.123298954903","641535313","R","32","003","006700","1001"
"32-RC-267333","1356 Dayton Street, Salinas, CA, ","Match","Exact","1356 DAYTON ST, SALINAS, CA, 93901","-121.628949642006,36.647718518514","657772527","R","06","053","014500","1053"
"32-RC-301695","1025 Atlantic Ave, Alameda, CA, 94501","Match","Exact","1025 ATLANTIC AVE, ALAMEDA, CA, 94501","-122.266628582622,37.78079837879","606802342","R","06","001","427300","2006"
"29-RC-089045","1717 Motor Parkway, Hauppauge, NY, ","Match","Exact","1717 MOTOR PKWY, HAUPPAUGE, NY, 11788","-73.176340653762,40.812862474619","636769993","L","36","103","145803","1001"
"29-RC-265763","222-32 99Th Avenue, Queens Village, NY, ","Match","Exact","222-32 99TH AVE, QUEENS VILLAGE, NY, 11429","-73.730544226645,40.716180608932","59718487","R","36","081","056800","1015"
"32-RC-322156","7019 Realm Dr, San Jose, CA, 95119","Match","Exact","7019 REALM DR, SAN JOSE, CA, 95119","-121.777772030505,37.228197279834","122999874","R","06","085","512032","3013"
"29-RC-069439","1999 Broadhollow Road, Farmingdale, NY, ","No_Match"
"29-RC-137567","71 East Industry Court, Deer Park, NY, ","Match","Exact","71 E INDUSTRY CT, DEER PARK, NY, 11729","-73.297031536246,40.762951344593","113982770","R","36","103","122801","3001"
"32-RC-165421","5168 East Dakota Avenue, Fresno, CA, 93727","Match","Exact","5168 E DAKOTA AVE, FRESNO, CA, 93727","-119.720103837389,36.786665035969","645802969","R","06","019","003104","2024"
"32-RC-351955","2633 E 27Th St., Oakland, CA, 94601","Match","Exact","2633 E 27TH ST, OAKLAND, CA, 94601","-122.222127036006,37.79117653318","637742964","R","06","001","406300","2000"
"32-RC-208599","2170 South Avenue, South Lake Tahoe, CA, ","Match","Exact","2170 SOUTH AVE, SOUTH LAKE TAHOE, CA, 96150","-119.997232840791,38.912293374487","133060801","L","06","017","030402","2011"
"32-RC-311497","900 Murray St., Berkeley, CA, 94710","Match","Exact","900 MURRAY ST, BERKELEY, CA, 94710","-122.29094819558,37.850786841805","606160910","R","06","001","422000","1062"
"31-RC-102072","18180 Gateway Drive, Victorville, CA, ","Match","Exact","18180 GATEWAY DR, VICTORVILLE, CA, 92394","-117.394344163742,34.582164111161","657759356","L","06","071","980200","1018"
"29-RC-115305","50-54 Division Ave., Brooklyn, NY, ","Match","Non_Exact","54 DIVISION AVE, BROOKLYN, NY, 11249","-73.966149359394,40.707145931733","59076046","R","36","047","054500","3000"
"31-RC-334363","1300 W 7Th St, San Pedro, CA, 90732","Match","Exact","1300 W 7TH ST, SAN PEDRO, CA, 90732","-118.304841172372,33.73795647795","642192460","R","06","037","609900","2009"
"29-RC-220865","26 Week Period Preceding The Approval Of The St, Staten Island, NY, ","No_Match"
"31-RC-284903","2301 Bahamas Drive, Bakerfield, CA, ","Match","Non_Exact","2301 BAHAMAS DR, BAKERSFIELD, CA, 93309","-119.045269128664,35.373377291538","109150877","L","06","029","001804","2004"
"32-RC-303887","16900 W. Schulte Road, Tracy, CA, ","Match","Exact","16900 W SCHULTE RD, TRACY, CA, 95377","-121.517331511998,37.721831546368","133908044","L","06","077","005213","2043"
"32-RC-304734","4704 Fite Court, Stockton, CA, 95215","Match","Exact","4704 FITE CT, STOCKTON, CA, 95215","-121.208254534426,37.908123772881","133893296","R","06","077","003700","3018"
"31-RC-245764","1600 Campus Road, Los Angeles, CA, ","Match","Exact","1600 CAMPUS RD, LOS ANGELES, CA, 90041","-118.21413884957,34.126162974482","141613408","R","06","037","181600","1012"
"29-RC-184305","70 Fernbrook Street, In Yonkers, NY, ","Match","Non_Exact","70 FERNBROOK ST, YONKERS, NY, 10705","-73.906258788657,40.924478771867","139743447","L","36","119","000104","1000"
"29-RC-330838","4295 Hempstead Turnpike, Bethpage, NY, ","Match","Exact","4295 HEMPSTEAD TPKE, BETHPAGE, NY, 11714","-73.478512265918,40.725864228845","657124199","R","36","059","520200","1000"
"32-RC-266471","550 Sally Drive, Concord, CA, 94520","Match","Non_Exact","550 SALLY RIDE DR, CONCORD, CA, 94520","-122.062141270453,37.987439347806","607883343","R","06","013","327001","2028"
"32-RC-348314","1878 Industrial Dr., Stockton, CA, 95206","Match","Exact","1878 INDUSTRIAL DR, STOCKTON, CA, 95206","-121.251627984581,37.911368764925","658278491","R","06","077","003803","3013"
"29-RC-089038","30-02 48Th Avenue, Long Island City, NY, ","Match","Exact","30-02 48TH AVE, LONG ISLAND CITY, NY, 11101","-73.9378992849,40.741380927322","59692268","R","36","081","019902","2003"
"32-RC-337638","1015 Joaquin Road, Mountain View, CA, 94043","Match","Exact","1015 JOAQUIN RD, MOUNTAIN VIEW, CA, 94043","-122.080370663185,37.417309719432","614024908","R","06","085","504601","1080"
"32-RC-202821","701 E. El Camino Real, Mountain View, CA, ","Match","Exact","701 E EL CAMINO REAL, MOUNTAIN VIEW, CA, 94040","-122.065166791972,37.377107558357","647579095","R","06","085","509110","2001"
"29-RC-302363","5784 Sound Avenue, Riverhead, NY, 11901","Match","Exact","5784 SOUND AVE, RIVERHEAD, NY, 11901","-72.605211279368,40.978324764862","113955078","L","36","103","169906","3001"
"29-RC-135391","1 Circle Road, Stony Brook, NY, 11794","Match","Non_Exact","1 CIRCLE RD, STONY BROOK, NY, 11790","-73.118890902168,40.914921308196","113987236","R","36","103","158015","1013"
"32-RC-253175","301 Old San Francisco Road, Mountain View, CA, ","No_Match"
"31-RC-102066","2825 Ave P, Palmdale, CA, 93350","Match","Non_Exact","2825 E AVE P, PALMDALE, CA, 93550","-118.083826432022,34.602375237371","241113397","L","06","037","980004","1010"
"28-RC-311077","13840 W. Camelback Rd., Litchfield Park, AZ, 85340","Match","Exact","13840 W CAMELBACK RD, LITCHFIELD PARK, AZ, 85340","-112.356314250854,33.508288702386","128858969","R","04","013","061047","2009"
"32-RC-246884","345 North Virginia Street, Reno, NV, ","Match","Exact","345 NORTH VIRGINIA ST, RENO, NV, 89501","-119.814072986058,39.529184392236","657704206","L","32","031","000104","2000"
"32-RC-115157","2880 Soquel Avenue, Santa Cruz, CA, ","Match","Exact","2880 SOQUEL AVE, SANTA CRUZ, CA, 95062","-121.986850111712,36.985911625593","125507328","R","06","087","121401","1005"
"32-RC-246415","2801 Stevens Creek Boulevard, Santa Clara, CA, ","Match","Exact","2801 STEVENS CREEK BLVD, SANTA CLARA, CA, 95050","-121.943398957289,37.323412355118","122904150","R","06","085","505800","2014"
"32-RC-107562","45133 Industrial Drive, Fremont, CA, ","Match","Exact","45133 INDUSTRIAL DR, FREMONT, CA, 94538","-121.951221485608,37.497633547048","125049661","R","06","001","441503","2010"
"32-RC-272701","2650 John Smith Rd., Hollister, CA, 95023","Match","Exact","2650 JOHN SMITH RD, HOLLISTER, CA, 95023","-121.323793204075,36.82152596104","658503617","R","06","069","000802","4001"
"31-RC-140332","18300 Roscoe Boulevard, Northridge, CA, ","Match","Exact","18300 ROSCOE BLVD, NORTHRIDGE, CA, 91325","-118.531779172388,34.220735735315","642865437","L","06","037","131400","3000"
"32-RC-223731","5555 W. Las Positas Blvd., Pleasanton, CA, ","Match","Exact","5555 W LAS POSITAS BLVD, PLEASANTON, CA, 94588","-121.888542758956,37.687234844894","125080925","L","06","001","450743","4013"
"32-RC-160196","120 N. Filbert Street, Stockton, CA, 95205","Match","Exact","120 N FILBERT ST, STOCKTON, CA, 95205","-121.254132127105,37.961100640635","133852100","R","06","077","002000","1002"
"28-RC-219635","3655 South Las Vegas Blvd, Las Vegas, NV, 89109","Match","Non_Exact","3655 LAS VEGAS BLVD S, LAS VEGAS, NV, 89109","-115.172910303745,36.111325979567","639403573","L","32","003","006700","1018"
"32-RC-356381","2050 West Fremont Street, Stockton, CA, ","Match","Exact","2050 W FREMONT ST, STOCKTON, CA, 95203","-121.323858337778,37.955511477678","133927799","L","06","077","000900","2019"
"31-RC-172774","4575 West Main Street, Guadalupe, CA, 93434","Match","Exact","4575 W MAIN ST, GUADALUPE, CA, 93434","-120.57823551466,34.957636482413","108613695","R","06","083","002504","3018"
"32-RC-170360","2365 N. Airport Way, Manteca, CA, 95336","No_Match"
"29-RC-175858","47-05 Metropolitan Avenue, Ridgewood, NY, ","Match","Exact","47-05 METROPOLITAN AVE, RIDGEWOOD, NY, 11385","-73.920637284071,40.713871192397","59693112","L","36","081","053502","1000"
"31-RC-289337","3828 Delmas Terrace, Culver City, CA, ","Match","Exact","3828 DELMAS TER, CULVER CITY, CA, 90232","-118.397146436993,34.023069677386","241239583","L","06","037","702400","2006"
"29-RC-272040","2042A Pacific St, Brooklyn, NY, ","Match","Non_Exact","2042A PACIFIC ST, BROOKLYN, NY, 11233","-73.918120239014,40.675863437253","59083732","R","36","047","030300","3002"
"28-RC-220635","1110 South Main Street, Roswell, NM, ","Tie"
"28-RC-346138","6226 W. Sahara Ave, Las Vegas, NV, 89118","Match","Non_Exact","6226 W SAHARA AVE, LAS VEGAS, NV, 89146","-115.228471483209,36.144304246589","201990853","R","32","003","002905","2000"
"29-RC-238177","388-392 And 394 Avenue S., Brooklyn, NY, ","Match","Non_Exact","394 AVENUE S, BROOKLYN, NY, 11223","-73.970743003762,40.601939286736","59089814","R","36","047","041401","2001"
"32-RC-292765","209 Frank Schlessinger Drive, Berkeley, CA, ","No_Match"
"32-RC-294940","7010 N. Mark Avenue, Fresno, CA, ","Match","Non_Exact","7010 N MARKS AVE, FRESNO, CA, 93711","-119.847346866465,36.837438231397","197632009","R","06","019","004301","3026"
"32-RC-313225","5480 Monterey Road, Petaluma, CA, 94952","No_Match"
"32-RC-253196","111 Madrone St., Santa Cruz, CA, ","Match","Exact","111 MADRONE ST, SANTA CRUZ, CA, 95060","-122.030456169268,36.982675313881","125505956","L","06","087","100700","1001"
"31-RC-296098","3241 Figueroa St., Los Angeles, CA, 90065","Match","Non_Exact","3241 N FIGUEROA ST, LOS ANGELES, CA, 90065","-118.219845226745,34.085891058802","141621638","L","06","037","185320","2005"
"31-RC-208318","2710 Winona Avenue And 2800 Winona Avenue, Burbank, CA, ","Match","Non_Exact","2710 WINONA AVE, BURBANK, CA, 91504","-118.340230369252,34.199163837626","142725519","L","06","037","310501","2005"
"32-RC-248601","300 Martin Avenue, Santa Clara, CA, ","Match","Exact","300 MARTIN AVE, SANTA CLARA, CA, 95050","-121.93677294559,37.361882268118","655817544","L","06","085","505202","2080"
"32-RC-352845","8711 West Riggin Avenue, Visalia, CA, ","Match","Exact","8711 W RIGGIN AVE, VISALIA, CA, 93291","-119.386656469872,36.356332298649","651995013","R","06","107","001008","2006"
"31-RC-304997","14392 Valley Boulevard, Fontana, CA, ","Match","Exact","14392 VALLEY BLVD, FONTANA, CA, 92335","-117.491149736755,34.070240380792","144641426","L","06","071","002204","1022"
"31-RC-330800","8700 Beverly Blvd., Los Angeles, CA, ","Match","Non_Exact","8700 W BEVERLY BLVD, LOS ANGELES, CA, 90048","-118.381790961414,34.076790853421","241239519","L","06","037","700400","4026"
"32-RC-106655","519 Aldo Avenue, Santa Clara, CA, ","Match","Exact","519 ALDO AVE, SANTA CLARA, CA, 95054","-121.944453947557,37.385719994489","122959516","R","06","085","505007","3005"
"29-RC-212878","941 Carmans Road, Massapequa, NY, 11758","Match","Exact","941 CARMANS RD, MASSAPEQUA, NY, 11758","-73.432832514361,40.697036815416","147652779","R","36","059","522000","1010"
"31-RC-186958","1740 Ocean Ave, Santa Monica, CA, ","Match","Exact","1740 OCEAN AVE, SANTA MONICA, CA, 90401","-118.492344804352,34.009189017031","657259772","R","06","037","701902","3030"
"29-RC-288442","59-25 Little Neck Parkway, Little Neck, NY, ","Match","Exact","59-25 LITTLE NECK PKWY, LITTLE NECK, NY, 11362","-73.722809607914,40.760659917","59724000","L","36","081","152902","2011"
"32-RC-347494","2425 Samaritan Dr, Los Gatos, CA, 95032","No_Match"
"32-RC-208158","550 Sally Ride Drive, Oakland, CA, ","No_Match"
"29-RC-077022","329 Church Avenue, Brooklyn, NY, ","Match","Exact","329 CHURCH AVE, BROOKLYN, NY, 11218","-73.977210611966,40.643799188061","59080599","L","36","047","049600","1002"
"29-RC-099693","47-10 32Nd Place, Long Island City, NY, ","Match","Exact","47-10 32ND PL, LONG ISLAND CITY, NY, 11101","-73.933134966936,40.742541851276","59692208","R","36","081","019901","2003"
"31-RC-317824","1331 Jason Way, Santa Maria, CA, 93455","Match","Exact","1331 JASON WAY, SANTA MARIA, CA, 93455","-120.459669269846,34.918286471866","108699065","L","06","083","002011","2007"
"29-RC-161643","180 Varick Avenue, Brooklyn, NY, ","Match","Exact","180 VARICK AVE, BROOKLYN, NY, 11237","-73.928969091389,40.712284388532","59096599","R","36","047","044902","3021"
"29-RC-114017","357 9Th Street, Brooklyn, NY, ","Match","Exact","357 9TH ST, BROOKLYN, NY, 11215","-73.984510636164,40.668372900796","59075711","L","36","047","013700","3002"
"32-RC-242472","509 W. Weber Avenue, Stockton, CA, 95203","Match","Exact","509 W WEBER AVE, STOCKTON, CA, 95203","-121.298354609845,37.952330669165","640552605","L","06","077","000300","2002"
"32-RC-336350","2301 Chabot Court, Tracy, CA, ","Match","Exact","2301 CHABOT CT, TRACY, CA, 95304","-121.3876842345,37.750670194285","600315126","R","06","077","005214","2001"
"29-RC-328936","4295 Hempstead Turnpike, Bethpage, NY, ","Match","Exact","4295 HEMPSTEAD TPKE, BETHPAGE, NY, 11714","-73.478512265918,40.725864228845","657124199","R","36","059","520200","1000"
"31-RC-116698","15420 Cobalt Street, Sylmar, CA, ","Match","Exact","15420 COBALT ST, SYLMAR, CA, 91342","-118.468021651435,34.308650091129","142043500","L","06","037","106520","2013"
"29-RC-082837","3000 Hempstead Turnpike, Bayshore, NY, 11708","No_Match"
"32-RC-317606","709 N Street, Newman, CA, 95360","Match","Exact","709 N ST, NEWMAN, CA, 95360","-121.023968348745,37.322532719829","643039156","R","06","099","003501","1007"
"29-RC-298246","1143 Wantagh Avenue, Wantagh, NY, ","Match","Exact","1143 WANTAGH AVE, WANTAGH, NY, 11793","-73.507334008106,40.695079163593","147647060","L","36","059","409700","4002"
"31-RC-252492","1700 Ocean Avenue, Santa Monica, CA, 90401","Match","Exact","1700 OCEAN AVE, SANTA MONICA, CA, 90401","-118.493036036091,34.009789156331","657259772","R","06","037","701902","3030"
"31-RC-316966","623 Childs Way, Los Angeles, CA, 90089","Match","Exact","623 CHILDS WAY, LOS ANGELES, CA, 90089","-118.282155737611,34.019005540081","141607909","R","06","037","222700","1025"
"31-RC-242217","18321 Clark Street, Tarzana, CA, 91356","Match","Exact","18321 CLARK ST, TARZANA, CA, 91356","-118.531210892401,34.169823488427","142049053","R","06","037","139401","1000"
"36-RC-006508","90554 Highway 99, Eugene, OR, ","Match","Exact","90554 STATE HWY 99, EUGENE, OR, 97402","-123.187922046591,44.119900448677","657823771","L","41","039","001001","2023"
"28-RC-295386","837 North 7Th Avenue, Phoenix, AZ, ","Match","Exact","837 N 7TH AVE, PHOENIX, AZ, 85007","-112.082516140812,33.457601860882","128211891","R","04","013","113100","1003"
"29-RC-146077","60 Gordon Drive, Syosset, NY, ","Match","Exact","60 GORDON DR, SYOSSET, NY, 11791","-73.511900481588,40.80771646511","147684549","R","36","059","518700","3000"
"29-RC-312112","506 6Th Street And 515 6Th Street, Brooklyn, NY, ","Match","Non_Exact","6TH ST & 6TH AVE, BROOKLYN, NY, 11215","-73.982428561636,40.669848751198","","","36","047","013700","1001"
"29-RC-244868","3350 Sunrise Highway, Wantagh, NY, ","Match","Exact","3350 SUNRISE HWY, WANTAGH, NY, 11793","-73.506636024858,40.67221598682","638166685","L","36","059","415700","2009"
"32-RC-244677","23865 Avenue 18, Madera, CA, ","Match","Exact","23865 AVE 18, MADERA, CA, 93638","-120.112530956495,37.011094254875","102346566","R","06","039","000506","1017"
"29-RC-126455","133-01 41St Road, Flushing, NY, 11355","Match","Exact","133-01 41ST RD, FLUSHING, NY, 11355","-73.83132586468,40.756561649874","59701076","L","36","081","084902","1000"
"28-RC-228151","350 N Wilmot Road, Tucson, AZ, ","Match","Exact","350 N WILMOT RD, TUCSON, AZ, 85711","-110.857860921609,32.225791175353","648146200","R","04","019","004068","4002"
"31-RC-066361","4560 Doran Street And 5487 West San Fernando Road, In Los Angeles, CA, 90039","Match","Non_Exact","DORAN ST & W SAN FERNANDO RD, LOS ANGELES, CA, 90039","-118.276007799097,34.153168134709","","","06","037","301601","2027"
"32-RC-186747","3033 S. Airport Way, Stockton, CA, ","Match","Exact","3033 S AIRPORT WAY, STOCKTON, CA, 95206","-121.263159447249,37.921647570971","133853010","R","06","077","002800","2007"
"32-RC-193044","537 Fransil Lane, Turlock, CA, ","Match","Exact","537 FRANSIL LN, TURLOCK, CA, 95380","-120.890030311215,37.497408694155","658270368","R","06","099","003603","3034"
"31-RC-169152","1400 E. Church St, Santa Maria, CA, 93454","Match","Exact","1400 E CHURCH ST, SANTA MARIA, CA, 93454","-120.41459704214,34.952035881956","108595926","L","06","083","002211","4005"
"32-RC-095934","8711 W. Riggin Avenue, In Visalia, CA, ","Match","Non_Exact","8711 W RIGGIN AVE, VISALIA, CA, 93291","-119.386656469872,36.356332298649","651995013","R","06","107","001008","2006"
"32-RC-318944","5489 E Lamona Avenue, Fresno, CA, ","Match","Exact","5489 E LAMONA AVE, FRESNO, CA, 93727","-119.704858224508,36.760736059148","197586045","L","06","019","003001","1001"
"28-RC-204188","4475 South Coach Drive, Tucson, AZ, 85714","Match","Exact","4475 S COACH DR, TUCSON, AZ, 85714","-110.915767929047,32.170122530719","121221194","L","04","019","004118","1049"
"28-RC-204189","829 West Silverlake Road, Tucson, AZ, 85713","Match","Exact","829 W SILVERLAKE RD, TUCSON, AZ, 85713","-110.983754993203,32.199462708665","121171852","L","04","019","002509","3029"
"32-RC-317611","709 N Street, Newman, CA, 95360","Match","Exact","709 N ST, NEWMAN, CA, 95360","-121.023968348745,37.322532719829","643039156","R","06","099","003501","1007"
"29-RC-313474","3050 Middle Country Road, Nesconset, NY, ","Match","Exact","3050 MIDDLE COUNTRY RD, NESCONSET, NY, 11767","-73.130676943355,40.862007649026","638599812","L","36","103","135402","5002"
"31-RC-296066","12980 Foothill Blvd., Sylmar, CA, 91342","Match","Exact","12980 FOOTHILL BLVD, SYLMAR, CA, 91342","-118.417685111193,34.29574273164","141550587","L","06","037","320102","2000"
"28-RC-161891","3200 S. 7Th St., Phoenix, AZ, ","Match","Exact","3200 S 7TH ST, PHOENIX, AZ, 85040","-112.064832983342,33.417743226567","243918963","R","04","013","115400","1001"
"31-RC-338741","10842 Magnolia Boulevard, North Hollywood, CA, 91601","Match","Exact","10842 MAGNOLIA BLVD, NORTH HOLLYWOOD, CA, 91601","-118.366831864864,34.164846842908","141591732","L","06","037","125501","1000"
"29-RC-245746","274 36Th Street, Brooklyn, NY, ","Match","Exact","274 36TH ST, BROOKLYN, NY, 11232","-74.007219022138,40.655922036929","59099520","L","36","047","000200","1000"
"29-RC-298233","480 Forest Avenue, Staten Island, NY, ","Match","Exact","480 FOREST AVE, STATEN ISLAND, NY, 10301","-74.10454531921,40.630649380873","59878445","L","36","085","006700","2006"
"32-RC-265135","1069 Growers Street, Salinas, CA, ","Match","Exact","1069 GROWERS ST, SALINAS, CA, 93901","-121.631779025387,36.650505797708","196875381","L","06","053","014500","1035"
"31-RC-242248","333 Ronald Reagan Blvd, Point Mugu, CA, 93042","No_Match"
"29-RC-127311","2830 Pitkin Avenue, Brooklyn, NY, ","Match","Exact","2830 PITKIN AVE, BROOKLYN, NY, 11208","-73.86782641776,40.675948892872","59095396","R","36","047","120000","1002"
"31-RC-301012","171 South Waterman Avenue, San Bernardino, CA, 92408","Match","Exact","171 S WATERMAN AVE, SAN BERNARDINO, CA, 92408","-117.278687131673,34.099062434056","144967423","L","06","071","006501","2014"
"31-RC-305856","831 W. Main St., Barstow, CA, 92311","Match","Exact","831 W MAIN ST, BARSTOW, CA, 92311","-117.036316329894,34.897006740267","144556719","L","06","071","009400","1002"
"31-RC-338759","11557 Ventura Boulevard, Studio City, CA, 91604","Match","Exact","11557 VENTURA BLVD, STUDIO CITY, CA, 91604","-118.383629065752,34.139948532873","141565970","R","06","037","143602","2013"
"31-RC-160354","10685 Beech Avenue, Fontana, CA, ","Match","Exact","10685 BEECH AVE, FONTANA, CA, 92337","-117.47122178159,34.05944079103","144641848","L","06","071","002609","2013"
"28-RC-180151","5501 North La Palma Road, Eloy, AZ, ","Match","Exact","5501 N LA PALMA RD, ELOY, AZ, 85131","-111.532529455123,32.8143602339","638357406","R","04","021","002005","1002"
"32-RC-213962","800 S. Mcclure Road, Modesto, CA, ","Match","Exact","800 S MCCLURE RD, MODESTO, CA, 95357","-120.929629171099,37.624105079104","102617803","L","06","099","002002","3038"
"36-RC-006520","4455 N.E. Highway, Corvallis, OR, 97330","No_Match"
"31-RC-347698","3201 S. Hoover Street, Los Angeles, CA, 90089","Match","Exact","3201 S HOOVER ST, LOS ANGELES, CA, 90089","-118.28401280946,34.025449840949","647666600","R","06","037","221900","1004"
"32-RC-072816","640 East Boronda Road, Salinas, CA, 93906","Match","Exact","640 E BORONDA RD, SALINAS, CA, 93906","-121.613815863867,36.713857199274","196852315","R","06","053","010603","4005"
"29-RC-254206","149-34 35Th Avenue, Flushing, NY, ","Match","Exact","149-34 35TH AVE, FLUSHING, NY, 11354","-73.816071801764,40.76641231211","59701422","R","36","081","115700","2006"
"31-RC-276462","543 S. Broadway, Los Angeles, CA, ","Match","Exact","543 S BROADWAY, LOS ANGELES, CA, 90013","-118.251331458645,34.047490368972","141617289","R","06","037","207305","1008"
"36-RC-006526","1290 Industrial Way S, Albany, OR, 97322","Match","Non_Exact","1290 INDUSTRIAL WAY SW, ALBANY, OR, 97322","-123.102255859831,44.627568650194","156070939","L","41","043","020801","1009"
"36-RC-006525","3727 N.E. Martin Luther King Jr. Blvd., Portland, OR, ","Match","Exact","3727 NE M L KING BLVD, PORTLAND, OR, 97212","-122.661659109774,45.549736021055","157504094","L","41","051","003402","1021"
"32-RC-208146","16888 Mckinley Ave, Lathrop, CA, ","Match","Exact","16888 MCKINLEY AVE, LATHROP, CA, 95330","-121.271088105883,37.808040240604","133855445","L","06","077","005119","2047"
"29-RC-244406","146 Pierrepont Street, Brooklyn, NY, ","Match","Exact","146 PIERREPONT ST, BROOKLYN, NY, 11201","-73.991810717256,40.694811202594","59075024","R","36","047","000900","1000"
